-- phpMyAdmin SQL Dump
-- version 4.0.10deb1
-- http://www.phpmyadmin.net
--
-- Servidor: localhost
-- Tiempo de generación: 21-09-2015 a las 22:11:32
-- Versión del servidor: 5.5.44-0ubuntu0.14.04.1
-- Versión de PHP: 5.5.9-1ubuntu4.11

SET SQL_MODE = "NO_AUTO_VALUE_ON_ZERO";
SET AUTOCOMMIT = 0;
START TRANSACTION;
SET time_zone = "+00:00";


/*!40101 SET @OLD_CHARACTER_SET_CLIENT=@@CHARACTER_SET_CLIENT */;
/*!40101 SET @OLD_CHARACTER_SET_RESULTS=@@CHARACTER_SET_RESULTS */;
/*!40101 SET @OLD_COLLATION_CONNECTION=@@COLLATION_CONNECTION */;
/*!40101 SET NAMES utf8 */;

--
-- Base de datos: `mapas`
--

--
-- Truncar tablas antes de insertar `alumno`
--

TRUNCATE TABLE `alumno`;
--
-- Volcado de datos para la tabla `alumno`
--

INSERT INTO `alumno` (`id`, `nombre`, `apellidos`, `mail`, `user`, `pass`, `avatar`, `nacimiento`, `centro_id`, `enlace_avatar`) VALUES
(4, 'Ivan', 'Flores Alcala', 'Herrero.Miguel@example.com', 'iCazares', '$2y$10$tWCt', NULL, '0000-00-00 00:00:00', 27, 'oTl6yIh_iCazares.jpg'),
(5, 'Jose Manuel', 'Reyes Yáñez', 'Isabel70@example.org', 'Alva.Omar', '$2y$10$iG6x', NULL, '0000-00-00 00:00:00', 28, 'cQ0zEp2_Alva.Omar.jpg'),
(6, 'Francisco', 'Rosas Mayorga', 'David.Valle@example.org', 'Manuel.Godinez', '$2y$10$aW6C', NULL, '0000-00-00 00:00:00', 26, 'We9ppWw_Manuel.Godinez.jpg'),
(7, 'Aya', 'Vidal Terrazas', 'Elsa.Alba@example.net', 'Yaiza.Patino', '$2y$10$NojH', NULL, '0000-00-00 00:00:00', 27, 'usMvzVM_Yaiza.Patino.jpg'),
(8, 'Oliver', 'Meléndez Montez', 'Ian17@example.org', 'Perez.Ignacio', '$2y$10$.Z1m', NULL, '0000-00-00 00:00:00', 28, 'wHUX7jy_Perez.Ignacio.jpg'),
(9, 'Francisco', 'Gracia Miguel', 'eNarvaez@example.com', 'Saez.Valeria', '$2y$10$PI1K', NULL, '0000-00-00 00:00:00', 27, 'll3WMfG_Saez.Valeria.jpg'),
(10, 'Noa', 'Cortés Mendoza', 'Jordi27@example.com', 'Saiz.Joel', '$2y$10$ispH', NULL, '0000-00-00 00:00:00', 26, 'ZxXaPgO_Saiz.Joel.jpg'),
(11, 'Ivan', 'Garibay Aguirre', 'Arnau46@example.com', 'Alvaro26', '$2y$10$9TVB', NULL, '0000-00-00 00:00:00', 26, 'nIYmXj9_Alvaro26.jpg'),
(12, 'Marco', 'Varela Pozo', 'Santiago89@example.net', 'nMuniz', '$2y$10$nVPu', NULL, '0000-00-00 00:00:00', 30, '1tRE2o2_nMuniz.jpg'),
(13, 'Mateo', 'Luna Quesada', 'Ivan01@example.com', 'Pablo.Padron', '$2y$10$Rdd3', NULL, '0000-00-00 00:00:00', 26, 'MGGoSzL_Pablo.Padron.jpg'),
(14, 'Jose Antonio', 'Rodarte Orozco', 'Guillermo48@example.org', 'Unai75', '$2y$10$SW6P', NULL, '0000-00-00 00:00:00', 26, 'X5EvgpV_Unai75.jpg'),
(15, 'Victoria', 'Saldaña Delagarza', 'Zarate.Jana@example.com', 'Leyre19', '$2y$10$cRjI', NULL, '0000-00-00 00:00:00', 29, 'KbGM7xS_Leyre19.jpg'),
(16, 'Jose Manuel', 'Robledo Escalante', 'Emma85@example.net', 'Sara88', '$2y$10$nn5o', NULL, '0000-00-00 00:00:00', 25, '2aC7izo_Sara88.jpg'),
(17, 'Celia', 'Lugo Jurado', 'Leo.Carreon@example.org', 'Malak.Sepulveda', '$2y$10$.ZMb', NULL, '0000-00-00 00:00:00', 26, 'y8pJpRS_Malak.Sepulveda.jpg'),
(18, 'Alonso', 'Gallego Font', 'aMunoz@example.net', 'Helena25', '$2y$10$LaE7', NULL, '0000-00-00 00:00:00', 27, 'Tuz5tP5_Helena25.jpg'),
(19, 'Jan', 'Guajardo Lucio', 'Mario.Sotelo@example.net', 'Montemayor.Ignacio', '$2y$10$F2ba', NULL, '0000-00-00 00:00:00', 30, 'XdmiYcO_Montemayor.Ignacio.jpg');

--
-- Truncar tablas antes de insertar `centro`
--

TRUNCATE TABLE `centro`;
--
-- Volcado de datos para la tabla `centro`
--

INSERT INTO `centro` (`id`, `nombre`, `direccion`) VALUES
(25, 'IES Ing. Fernando Zúñiga', 'Paseo Isaac, 1, 2º A , 11314 , San Perea de l'),
(26, 'IES Andrea Banda', 'Ruela Mara, 564, 0º D , 00661 , O Zaragoza de'),
(27, 'IES Elsa Castañeda', 'Ruela Bueno, 424, 9º F , 60084 , O Yáñez de S'),
(28, 'IES Isaac Zayas', 'Rúa Meléndez, 7, Bajo 2º , 81857 , O Nieves d'),
(29, 'IES Dr. Izan Vela Tercero', 'Plaza Alicia, 093, 80º A , 49531 , A Báez , C'),
(30, 'IES Africa Menéndez', 'Camino Macias, 6, Ático 1º , 40609 , A Malave');

--
-- Truncar tablas antes de insertar `mapa`
--

TRUNCATE TABLE `mapa`;
--
-- Volcado de datos para la tabla `mapa`
--

INSERT INTO `mapa` (`id`, `imagen`, `enlace`, `descripcion`, `profesor_id`, `audio`, `titulo`, `enlace_audio`) VALUES
(529, NULL, 'Os Carretero de San Pedro_71085.jpg', 'Molestiae amet numquam fuga magni consectetur voluptates expedita consequatur quod est quam sed architecto ea neque similique id quia culpa odio harum occaecati laboriosam veniam ea error necessitatibus nemo.', 2, NULL, 'Laboriosam est esse eius corporis odio vitae dolorem sed deleniti quas.', NULL),
(530, NULL, 'O Costa_37214.jpg', 'Ut harum sunt molestiae ut aspernatur est voluptatem doloribus sed praesentium aut et libero eos nulla non sint earum suscipit ex qui quasi.', 2, NULL, 'Repellat atque dolores architecto facere laboriosam earum itaque hic ducimus est.', NULL),
(531, NULL, 'L'' Olmos_32040.jpg', 'Ducimus possimus amet sunt perspiciatis similique perspiciatis nesciunt quam consequuntur laudantium placeat ipsum quidem error.', 2, NULL, 'Et in id in est.', NULL),
(532, NULL, 'Villa Benavídez_70568.jpg', 'Autem omnis ut reiciendis debitis minus officiis autem et ipsum velit est dolorem.', 2, NULL, 'Est corporis cum nihil id magnam.', NULL),
(533, NULL, 'Barrientos de Arriba_13546.jpg', 'Quasi praesentium ut quisquam aperiam est et pariatur facilis pariatur perferendis quod reiciendis officiis assumenda reiciendis dicta nisi sed velit consectetur omnis totam.', 2, NULL, 'Nulla voluptas sit optio quis at modi vel.', NULL),
(534, NULL, 'El Pabón_86812.jpg', 'Dolores vel aut sed dolores vero fugit dolor dolor.', 2, NULL, 'Dolorem dolore cum qui recusandae molestiae ducimus voluptates veritatis.', NULL),
(535, NULL, 'Guzmán del Barco_73761.jpg', 'Atque libero nihil maiores minima est aliquam iste aliquam dolor doloremque commodi ut nulla quos.', 2, NULL, 'Omnis odit beatae qui.', NULL),
(536, NULL, 'Villa Cabello Alta_06228.jpg', 'Sed animi quis reiciendis unde quae recusandae occaecati aut officia ut omnis ipsa dolores laborum voluptate dolorem qui tempora ullam ut illum voluptate.', 2, NULL, 'Debitis eveniet vitae sunt non possimus quasi.', NULL),
(537, NULL, 'As Cardenas_25933.jpg', 'Voluptates inventore quaerat reiciendis aut non id omnis.', 2, NULL, 'Aliquid quia dolor.', NULL),
(538, NULL, 'Reséndez del Pozo_38643.jpg', 'Distinctio doloremque non incidunt eum doloribus quasi a necessitatibus ex nemo est et quia.', 2, NULL, 'Natus nihil.', NULL),
(539, NULL, 'Caballero de la Sierra_83186.jpg', 'Ut fugit quisquam porro enim molestiae et labore minima sunt quas eos hic adipisci autem non impedit quod nisi veniam nostrum sed quae mollitia tenetur veniam amet nobis illum et et vel repudiandae omnis eligendi qui quidem.', 2, NULL, 'Enim et perspiciatis omnis numquam quae voluptates.', NULL),
(540, NULL, 'Os Botello_46757.jpg', 'Similique animi sed eaque perspiciatis molestiae voluptatem pariatur voluptas illo blanditiis tempora officia aut vel nihil possimus accusantium totam nihil nulla qui enim cupiditate reprehenderit aut animi optio commodi tenetur quibusdam animi omnis dolo', 2, NULL, 'Inventore expedita eos dolore magni.', NULL),
(541, NULL, 'Las Escobar_65728.jpg', 'Quasi quis ducimus quis et laboriosam culpa voluptas et qui in eligendi quia beatae est nostrum velit quis enim.', 2, NULL, 'Amet ea quia odio rerum iusto et.', NULL),
(542, NULL, 'Martínez del Puerto_63486.jpg', 'Optio qui veritatis voluptatem expedita eligendi dolorem sit voluptatem in minus.', 2, NULL, 'Alias omnis est quod.', NULL),
(543, NULL, 'Villalpando del Pozo_38866.jpg', 'Non fugit minima et odio et esse minima a nostrum ut dolores eaque cumque dolorem eos unde accusamus sed est possimus sed possimus ad recusandae iure deserunt nihil et pariatur pariatur optio blanditiis ex et.', 2, NULL, 'Repellat nam repudiandae nesciunt est itaque dolore voluptate.', NULL),
(544, NULL, 'Los Amaya del Barco_39597.jpg', 'Voluptatum minus voluptas fuga quis id dolor quo nisi quo qui saepe corrupti enim quisquam et vitae ab quibusdam maxime sed consequatur soluta cum laboriosam sunt.', 2, NULL, 'Amet et.', NULL),
(545, NULL, 'L'' Luevano de Lemos_42081.jpg', 'Nihil praesentium qui sunt quo aliquid eum in excepturi illo est laudantium ullam laborum voluptas sit expedita rerum necessitatibus eos earum beatae est ut occaecati hic natus omnis sed culpa.', 2, NULL, 'Voluptatem nihil dolorum.', NULL),
(546, NULL, 'A Vásquez de San Pedro_71266.jpg', 'Eius accusamus natus sed eligendi et impedit laudantium dolor ut qui numquam consequatur cum ullam blanditiis.', 2, NULL, 'Voluptate est sunt ex fugit sed aliquid nostrum aspernatur.', NULL),
(547, NULL, 'Os Barragán del Penedès_04010.jpg', 'Aut modi quis qui omnis cumque et sed et cumque eveniet non itaque minus illum.', 2, NULL, 'Aut corporis quo ratione voluptas quia deleniti.', NULL),
(548, NULL, 'As Bautista Alta_05646.jpg', 'Nemo nisi architecto nihil consequatur qui inventore a iusto rerum consequatur repellat.', 2, NULL, 'Ab qui.', NULL),
(549, NULL, 'San Samaniego de Lemos_93455.jpg', 'Magni ut cum sed placeat magni enim nisi quam suscipit vero doloremque incidunt eos ullam animi eum vel nostrum.', 2, NULL, 'Mollitia incidunt qui vitae ut omnis hic repudiandae.', NULL),
(550, NULL, 'Miramontes del Mirador_10783.jpg', 'Aut eum excepturi sed totam id omnis minima sunt ab inventore consectetur odit tenetur commodi aut minima qui qui.', 2, NULL, 'Omnis quae ad temporibus voluptas omnis est ratione aliquid.', NULL),
(551, NULL, 'A Maestas de San Pedro_18537.jpg', 'Nam et dolore dolorem aut quibusdam ut incidunt reiciendis minus dolorem nisi fugiat quis cum corrupti et omnis et dolores voluptatum et beatae repellendus consequatur quo nihil quis quisquam.', 2, NULL, 'Corrupti quidem.', NULL),
(552, NULL, 'Os Valero_40451.jpg', 'Perferendis maiores sed sunt nobis eum perspiciatis aut autem in dicta.', 2, NULL, 'Nesciunt quo fuga atque cupiditate excepturi.', NULL),
(553, NULL, 'Ledesma del Bages_86882.jpg', 'Suscipit consequatur perspiciatis consequatur unde ut doloremque non error nam quia natus at eaque ex delectus itaque delectus eligendi minima neque sunt aspernatur alias qui.', 2, NULL, 'Similique quia qui similique saepe magnam deleniti.', NULL),
(554, NULL, 'As Barraza_46201.jpg', 'Voluptas earum neque aut tempora maxime repellat quia tempore aspernatur et nam dolorem voluptas et ipsam.', 2, NULL, 'Cupiditate aut sit quia itaque nisi assumenda molestiae saepe vel voluptatem ex.', NULL),
(555, NULL, 'Las Carranza del Penedès_58202.jpg', 'Aut quidem tempore modi illo quis distinctio qui earum a vero nobis ut eos dicta suscipit impedit vero neque mollitia.', 2, NULL, 'At ad itaque deleniti quam aperiam.', NULL),
(556, NULL, 'Casas del Vallès_78771.jpg', 'Eum illum quas similique dicta libero omnis qui illum iste occaecati voluptas voluptatibus exercitationem eaque error nulla iste aspernatur id commodi debitis alias.', 2, NULL, 'Aut illo ea sunt at ducimus.', NULL),
(557, NULL, 'A Sola_06766.jpg', 'Quia maiores dolores et distinctio est ut et enim qui quia est vel ut et dolorum officia.', 2, NULL, 'Ad ipsam laudantium explicabo animi enim aut delectus amet qui sunt iure.', NULL),
(558, NULL, 'Vall Esteban_99886.jpg', 'Repellendus architecto minus omnis ex placeat inventore sed et mollitia omnis quia itaque eos molestias placeat quaerat expedita sint quam facere.', 2, NULL, 'Corrupti possimus voluptas ut rerum sed voluptatem eveniet.', NULL),
(559, NULL, 'Cavazos de la Sierra_94883.jpg', 'Odio molestias aliquam est dolor reiciendis non optio incidunt incidunt eos.', 2, NULL, 'Ut debitis dicta ut.', NULL),
(560, NULL, 'Almaraz Alta_72569.jpg', 'Et nulla incidunt omnis est enim aspernatur et commodi est est commodi aperiam minus deleniti et tempore fugiat explicabo iste eligendi ducimus.', 2, NULL, 'Quos alias id eum voluptatem voluptatem aut.', NULL),
(561, NULL, 'Diez de Arriba_89923.jpg', 'Labore alias molestiae dolor nemo id quam aperiam molestiae ratione alias necessitatibus est et aut rerum culpa autem.', 2, NULL, 'Quos error illo quis aut quo omnis voluptatem.', NULL),
(562, NULL, 'Morales del Penedès_97331.jpg', 'Perferendis facere suscipit nostrum iure dolorem ut fugiat aut minima sed assumenda sint odio et ea harum molestias aut aut dolores.', 2, NULL, 'Blanditiis animi distinctio ut.', NULL),
(563, NULL, 'O Mas de la Sierra_82614.jpg', 'Qui repudiandae quidem ut magni nihil vero voluptas suscipit aperiam sunt ea est quo nihil cupiditate consequatur omnis assumenda sint et molestiae.', 2, NULL, 'Quibusdam eligendi ut facilis dolorem vero illum quas.', NULL),
(564, NULL, 'Las Expósito_04618.jpg', 'Fugit ratione adipisci beatae sint enim dolorum a et suscipit atque officia odio recusandae consectetur minus impedit.', 3, NULL, 'Voluptatem dolorem corporis et nobis dolorum ut.', NULL),
(565, NULL, 'L'' Zapata de San Pedro_03693.jpg', 'Est earum provident optio eum et fuga ea ratione voluptas at veniam eum expedita cum sit velit sit rerum temporibus minus inventore consequatur est nihil aspernatur et.', 3, NULL, 'Provident eius possimus quae et.', NULL),
(566, NULL, 'San Delacrúz_46658.jpg', 'Expedita quaerat commodi officiis natus quos non nulla porro qui qui exercitationem.', 3, NULL, 'Perferendis repellendus facilis id alias.', NULL),
(567, NULL, 'La Santiago de Ulla_92133.jpg', 'Quam quam cumque voluptatem doloribus maiores omnis eum suscipit nam modi autem iusto aut quo tempore nobis sit natus doloremque.', 3, NULL, 'Voluptas quia dolor et vel.', NULL),
(568, NULL, 'Meléndez del Bages_62459.jpg', 'Sit qui inventore ea consectetur tempore eligendi quia quibusdam voluptas voluptatum voluptatibus neque voluptatibus tempora labore consequatur sint vero numquam rerum ducimus impedit reiciendis repellat rem minima libero vitae et voluptatem aliquid ut ei', 3, NULL, 'Sunt rerum.', NULL),
(569, NULL, 'Casas del Barco_72869.jpg', 'Sed temporibus odit et nisi ut laboriosam sed inventore repellat quod molestias consectetur et rerum vel et doloremque autem molestias delectus laboriosam aliquid temporibus eos in quasi quis dolorum dolores aut sed eos qui.', 3, NULL, 'Repellat minima quo dolores vel iusto.', NULL),
(570, NULL, 'Las Curiel del Mirador_57229.jpg', 'Non placeat ea quo et sed et magni doloribus ratione ut fuga consectetur illum quia voluptates omnis ipsam ut omnis quis unde quo hic et id ea.', 3, NULL, 'Et quaerat excepturi recusandae et occaecati inventore.', NULL),
(571, NULL, 'L'' Lerma del Penedès_60248.jpg', 'Voluptate maiores est natus repellat dolores excepturi eius similique vero aliquam totam non non deleniti voluptatem exercitationem recusandae in accusamus at exercitationem optio qui commodi cumque.', 3, NULL, 'Quod porro assumenda.', NULL),
(572, NULL, 'El Posada del Vallès_80958.jpg', 'Ut aliquam laboriosam a consectetur tempore minus qui numquam accusamus quo ut nobis nemo ea consequuntur vel dolorem et consequuntur aliquam quia numquam est autem atque est fuga velit et.', 3, NULL, 'Aperiam ut ducimus cumque atque pariatur.', NULL),
(573, NULL, 'A Adorno_76797.jpg', 'Corporis nemo aut cum voluptas voluptatum maxime non mollitia eligendi repellat voluptatibus unde ipsum amet qui sit.', 3, NULL, 'Accusantium id dolorem voluptas.', NULL),
(574, NULL, 'Olmos del Bages_77245.jpg', 'Tempore dolorem ut suscipit sit ratione impedit est consequatur reprehenderit molestiae recusandae officiis laboriosam sint sunt et in eos quis atque et non distinctio quae.', 3, NULL, 'Voluptas delectus.', NULL),
(575, NULL, 'Arguello del Bages_42817.jpg', 'Voluptatem vel ducimus vel alias veniam quod repudiandae atque ipsam exercitationem mollitia ut sed tempore nisi voluptas distinctio.', 3, NULL, 'Sint libero dolor.', NULL),
(576, NULL, 'Gálvez de Lemos_16162.jpg', 'Officiis vero omnis excepturi amet id quae ut eos nihil vero accusantium est quo amet repellat facilis at in laboriosam enim ab error culpa.', 3, NULL, 'Omnis et excepturi quas.', NULL),
(577, NULL, 'Polanco Alta_05863.jpg', 'Magnam odit sunt nostrum ipsam cupiditate iure ea nam eos temporibus at distinctio sit consectetur cupiditate.', 3, NULL, 'Nihil neque iste aliquam optio et.', NULL),
(578, NULL, 'L'' Manzanares_24842.jpg', 'Alias doloribus ipsum asperiores quasi vel aliquid voluptas earum qui perspiciatis excepturi iure perspiciatis vitae repellendus saepe ex et voluptatibus dolor doloribus deleniti quia et.', 3, NULL, 'Iusto ex quia numquam.', NULL),
(579, NULL, 'Zavala de San Pedro_23709.jpg', 'Eius omnis et sed sint aut dignissimos ut quis dolor ut quod blanditiis.', 3, NULL, 'Cumque nisi a deleniti quas ullam sed aut repellat sit non.', NULL),
(580, NULL, 'La Calderón_35054.jpg', 'Pariatur vel enim quaerat sunt ullam saepe ut aut sint rerum molestias ut labore officia quo quae nulla esse sapiente veniam.', 3, NULL, 'Dolores sed blanditiis at saepe voluptatibus mollitia rerum.', NULL),
(581, NULL, 'San Molina de la Sierra_01706.jpg', 'Molestiae sed porro odio iure tenetur assumenda eum repudiandae quod amet culpa id unde impedit vitae ipsa fugit.', 3, NULL, 'Eum est cum.', NULL),
(582, NULL, 'Vall Fajardo_68579.jpg', 'Sunt distinctio mollitia consequuntur ut dicta exercitationem dolorem totam dolor dolorum sequi sit accusamus illo eum non quia eligendi eos magnam adipisci quia eum et occaecati adipisci ex nemo tempore ea ab debitis quisquam impedit.', 3, NULL, 'Maxime doloremque delectus.', NULL),
(583, NULL, 'O Ávila_67885.jpg', 'Doloribus blanditiis fuga dolores suscipit sint cupiditate alias vitae saepe voluptatem maxime maxime fuga aut corporis cum molestiae est.', 3, NULL, 'Molestiae at minus id.', NULL),
(584, NULL, 'Abreu Alta_62187.jpg', 'Ut aut architecto quam labore impedit eius eaque labore qui sequi id saepe et nam itaque fugit labore officia voluptatem odit ab ipsum consequatur architecto quos exercitationem accusantium asperiores.', 3, NULL, 'Voluptatem omnis qui.', NULL),
(585, NULL, 'Os Cano_35790.jpg', 'Ex ut molestiae rerum non quia neque et molestias architecto eaque aut fuga numquam sunt nihil voluptates doloribus sed.', 3, NULL, 'Suscipit vero omnis.', NULL),
(586, NULL, 'Arteaga del Barco_49944.jpg', 'Impedit ea facilis odit aut consequatur doloremque quos consectetur deserunt ipsum numquam inventore voluptate ducimus excepturi at.', 3, NULL, 'Libero ut.', NULL),
(587, NULL, 'La Bustamante del Pozo_64741.jpg', 'Voluptas minima vitae officiis aut sit ut aut inventore numquam soluta dicta adipisci eveniet eveniet quibusdam perspiciatis eos aut delectus totam voluptatem adipisci earum quas non nihil quia voluptas omnis ab.', 3, NULL, 'Consequatur occaecati excepturi quia iure quidem assumenda laborum totam.', NULL),
(588, NULL, 'Las Pacheco_54569.jpg', 'Et sit necessitatibus qui sit aut delectus veritatis ab consequatur eveniet qui voluptatem nam vitae suscipit itaque est rerum dolorem accusantium dolor distinctio.', 3, NULL, 'Voluptates hic at.', NULL),
(589, NULL, 'Las Montenegro Baja_95078.jpg', 'Veritatis ut suscipit sit eum iusto earum velit distinctio autem unde.', 3, NULL, 'Repudiandae consequatur quas fugiat.', NULL),
(590, NULL, 'Abad del Pozo_10871.jpg', 'Ex ab ea et culpa ut distinctio consequatur quaerat nesciunt repellendus inventore amet nostrum modi vel aut nihil id nihil nostrum est in quasi architecto voluptatum neque eos aspernatur veritatis fuga sit commodi.', 3, NULL, 'Vel et aut.', NULL),
(591, NULL, 'Valles de Ulla_16887.jpg', 'Dolore quam quasi totam quidem reiciendis quaerat fugit voluptas rem ex voluptatibus sunt.', 3, NULL, 'Nobis tenetur laboriosam corporis magni aperiam.', NULL),
(592, NULL, 'Loya del Mirador_98168.jpg', 'Animi harum minima architecto necessitatibus molestiae repellat sunt repellendus molestiae quia maiores dolor facere exercitationem in eligendi eum vel id doloribus dolores repellat cumque ipsum in dolores suscipit enim pariatur accusamus vitae voluptatem', 3, NULL, 'Repellat quia qui eligendi deleniti eius.', NULL),
(593, NULL, 'Pedraza Baja_65892.jpg', 'Placeat aliquam ut quis eos ratione minus odit exercitationem quo eaque et reiciendis voluptatem similique aut dicta itaque quos voluptas perferendis officia aut quis neque doloremque eligendi numquam qui accusantium.', 3, NULL, 'Iste qui.', NULL),
(594, NULL, 'O Vargas_75232.jpg', 'Quia officia labore aperiam ad commodi numquam neque dolorem harum cupiditate illo rerum reiciendis minima id et aut eum.', 3, NULL, 'Eius voluptas porro facilis.', NULL),
(595, NULL, 'La Muñiz_00686.jpg', 'Et minus deserunt eos dolore quae qui velit architecto ea quaerat numquam voluptatem voluptatibus necessitatibus consequatur et est enim accusantium dolor voluptas distinctio voluptates reiciendis distinctio.', 3, NULL, 'Voluptatum velit inventore excepturi aut perferendis voluptatum.', NULL),
(596, NULL, 'L'' Montes Baja_00100.jpg', 'Quia in facere quia aut quibusdam asperiores harum nesciunt vero aut fugit quod nobis sit dolore dolores in nemo aut consectetur et maxime fuga qui quo.', 3, NULL, 'Est iste.', NULL),
(597, NULL, 'San González de Ulla_69455.jpg', 'Dolor et voluptas quos atque et et repellendus mollitia est laborum perferendis provident voluptatibus excepturi et est repudiandae reprehenderit sit porro praesentium dolor culpa facere.', 3, NULL, 'Quia sit sed nemo non.', NULL),
(598, NULL, 'O Caro de Ulla_20741.jpg', 'Doloremque ea eius tempora itaque eaque mollitia delectus in accusamus eligendi nihil rerum doloribus et minima maxime rem sint vel neque non dolore qui porro.', 3, NULL, 'Quibusdam ullam asperiores error velit.', NULL),
(599, NULL, 'Escobar del Bages_26347.jpg', 'Dolorum doloremque totam aut aperiam velit vel quaerat et magni quibusdam accusantium tempore ad voluptates sunt quisquam nostrum in quis reprehenderit eos debitis unde iusto voluptatem commodi ut porro eveniet suscipit quo.', 4, NULL, 'Voluptatem et quis praesentium aut.', NULL),
(600, NULL, 'Padilla del Vallès_92079.jpg', 'Provident aspernatur numquam quia rem eaque cupiditate dolores sint nemo id qui quia deserunt incidunt porro iste dolore vero quia et hic quae est tempora.', 4, NULL, 'Labore quae cumque voluptatem repellat.', NULL),
(601, NULL, 'Villa Alcaraz_95098.jpg', 'Magnam laudantium voluptatem doloremque ipsam est quaerat quaerat eligendi minus deserunt quia odio id.', 4, NULL, 'Enim ab.', NULL),
(602, NULL, 'El Lira_51186.jpg', 'Ipsam quis ducimus magni est quos debitis ea rerum enim asperiores nihil minus qui voluptates minima tempore sed quis sit quia totam magnam.', 4, NULL, 'Voluptatem alias est cumque et corporis.', NULL),
(603, NULL, 'El Alarcón_34957.jpg', 'Sint repudiandae quae ad debitis et omnis eum veritatis distinctio animi voluptatibus nostrum asperiores dolores perspiciatis similique sunt asperiores rerum cupiditate ut amet aliquam.', 4, NULL, 'Eum aut assumenda non eaque necessitatibus dolorem.', NULL),
(604, NULL, 'Gamboa Alta_04613.jpg', 'Minima consequatur eum ut incidunt rerum rerum iste temporibus accusamus provident voluptatibus laudantium est eum voluptatibus ut eum sint et officiis explicabo odio et ut in id a adipisci omnis nulla.', 4, NULL, 'Nihil omnis voluptates.', NULL),
(605, NULL, 'Nazario del Puerto_62696.jpg', 'Sed et neque aut quod aut modi quod dolor et vel cum distinctio ab enim consequatur consequatur ut asperiores sunt sapiente incidunt aut repudiandae ut cupiditate velit cupiditate omnis deserunt iure omnis est saepe dolores omnis est dignissimos voluptas ', 4, NULL, 'Eveniet.', NULL),
(606, NULL, 'O Munguía_07410.jpg', 'Excepturi quod in totam doloribus corrupti temporibus non possimus ullam eligendi laudantium assumenda quo alias nostrum nam suscipit necessitatibus est aspernatur aut tempora rerum omnis dolorum et.', 4, NULL, 'Pariatur beatae tempore eveniet non nesciunt temporibus dolore explicabo occaecati voluptate.', NULL),
(607, NULL, 'Guerrero del Barco_91174.jpg', 'Et autem qui inventore et cumque dolorem ratione voluptatum eos in explicabo consequatur.', 4, NULL, 'Hic.', NULL),
(608, NULL, 'Calvillo Medio_77576.jpg', 'Autem nihil maiores repellendus iure ipsa voluptatem earum saepe sint fugiat eius veritatis saepe illum aperiam repellendus consequatur recusandae quas reprehenderit impedit corporis et nihil sed dolor in molestiae provident odio voluptatem culpa impedit.', 4, NULL, 'Quae eius dolorem aliquid a autem et eius.', NULL),
(609, NULL, 'Las Terrazas_51064.jpg', 'Aut nihil et saepe eveniet vitae quaerat quo quas accusantium vel error aut iure eveniet dolor mollitia amet est ut dolor molestiae voluptas.', 4, NULL, 'Reiciendis repellat.', NULL),
(610, NULL, 'La Sanches de Arriba_50268.jpg', 'Ipsa consectetur occaecati non quibusdam corporis maiores ad ut qui sunt rem quia enim est quasi qui id omnis inventore numquam quia aut nostrum expedita.', 4, NULL, 'Qui aut fuga nemo optio inventore et placeat ex.', NULL),
(611, NULL, 'Pineda del Puerto_06975.jpg', 'Nisi qui mollitia molestias a dicta iusto sint repellendus amet facere inventore veniam debitis quam aliquam sit numquam laboriosam et ducimus et blanditiis deleniti ut ea mollitia eligendi ipsa.', 4, NULL, 'Id iure doloribus hic tempora.', NULL),
(612, NULL, 'San Rincón de San Pedro_94759.jpg', 'Et est distinctio error ut non distinctio corporis reiciendis numquam impedit aut ipsum provident vel omnis voluptas reprehenderit ea aliquid consequuntur omnis architecto dignissimos.', 4, NULL, 'Doloribus vero rem pariatur id quia magni aut adipisci amet pariatur.', NULL),
(613, NULL, 'Villa Ortíz de Ulla_02389.jpg', 'Ea temporibus et libero rerum accusantium doloremque vel iste libero ratione molestiae blanditiis aliquam maxime omnis omnis labore.', 4, NULL, 'Aliquam.', NULL),
(614, NULL, 'Os Del río de Lemos_28425.jpg', 'Numquam sed quia error ratione sed quidem et aliquam nemo exercitationem ducimus facilis et ipsam velit dolores dolores culpa est asperiores placeat in est quis perferendis quo vero.', 4, NULL, 'Vel sunt sit enim quaerat.', NULL),
(615, NULL, 'Los Segovia Medio_84868.jpg', 'Ullam soluta consectetur repellat a ipsum et aut numquam dolores delectus reprehenderit quis voluptatum non veniam est consequatur officia cum rerum suscipit officiis rerum quod aperiam nam.', 4, NULL, 'Itaque.', NULL),
(616, NULL, 'Jaimes del Bages_22268.jpg', 'Voluptas ipsa tempora dolor recusandae sed temporibus alias inventore voluptate quaerat beatae vel.', 4, NULL, 'Laudantium optio laudantium odit odit magnam iusto ut laborum quas magnam amet.', NULL),
(617, NULL, 'Mateo del Bages_28946.jpg', 'Laboriosam inventore dolor voluptatibus est atque exercitationem voluptatem reiciendis ut eos voluptas maxime quia consequatur vel eveniet laboriosam fugiat sint voluptas quisquam rerum non voluptate dolorem aut sed.', 4, NULL, 'Maxime.', NULL),
(618, NULL, 'Os Báez de Lemos_45347.jpg', 'Qui debitis eaque minus autem dolorem reprehenderit nisi doloribus quo nisi et ipsum sunt laborum ea illo corporis labore quis nam id unde nam minus illo rerum minima aut similique quae quisquam quod magni quae alias nemo.', 4, NULL, 'Quibusdam omnis et aspernatur impedit voluptas esse sit repellat.', NULL),
(619, NULL, 'El Banda de Lemos_02020.jpg', 'Ipsum dolor voluptates assumenda aut sed excepturi voluptas a consequatur praesentium et.', 4, NULL, 'Blanditiis ut et sed totam nulla officia totam.', NULL),
(620, NULL, 'Villa Quiroz Medio_56594.jpg', 'Quia commodi ut ducimus recusandae nihil iure necessitatibus recusandae accusamus non iste iste veritatis voluptatum aut fugiat dolore ut beatae.', 4, NULL, 'Laudantium quo minima earum.', NULL),
(621, NULL, 'Mejía de Ulla_48221.jpg', 'Ipsum placeat cupiditate natus dolorem qui aut error porro autem reiciendis aut aut repudiandae tempore nisi libero repudiandae repellat neque voluptas maxime.', 4, NULL, 'Voluptates porro ut.', NULL),
(622, NULL, 'As Mas Medio_25272.jpg', 'Animi qui cum nemo libero minima est voluptas distinctio ut qui magni rerum iure quo quas eum autem officia officia non quae.', 4, NULL, 'Sed quidem eaque aspernatur molestiae alias.', NULL),
(623, NULL, 'Las Rentería_10132.jpg', 'Sequi eius eius provident in quam aliquid ut voluptas et est perspiciatis libero quaerat sit consequatur dolorem eveniet repudiandae ut fuga dolores nulla et consequatur sequi quaerat voluptas veniam id rem et et voluptas soluta id saepe reprehenderit off', 4, NULL, 'Sed dolores velit sed quam.', NULL),
(624, NULL, 'Maya del Vallès_22665.jpg', 'Quia dicta non qui libero et aut quia suscipit magni non.', 4, NULL, 'Voluptate harum incidunt debitis incidunt ratione minus.', NULL),
(625, NULL, 'Roca de Lemos_91787.jpg', 'Earum dicta in velit doloremque sed eum ut perferendis et aut quis quia aut aut unde sit voluptas consectetur numquam similique officia suscipit.', 4, NULL, 'Veniam et qui sit nulla placeat itaque omnis quasi iure delectus.', NULL),
(626, NULL, 'Villa Ríos_32372.jpg', 'Totam quisquam pariatur recusandae aspernatur est et placeat maiores ab animi occaecati quaerat praesentium alias minima facere nesciunt sint voluptatem aliquam at aut culpa ducimus reprehenderit perspiciatis est ullam natus dolor repellendus qui est et.', 4, NULL, 'Omnis porro corporis illo et reiciendis ut iure dolorem ea est quae.', NULL),
(627, NULL, 'A Beltrán_97640.jpg', 'Repudiandae sit voluptas ut ut qui quo eaque error quia repudiandae repellendus et accusantium voluptatum non animi voluptatum aliquid amet architecto eum quasi earum inventore.', 4, NULL, 'Ut.', NULL),
(628, NULL, 'Vall Ornelas del Puerto_62548.jpg', 'Fugit unde fugiat eius labore repellat libero beatae atque quod officiis sint.', 4, NULL, 'Est asperiores aut officia odit eos et ducimus corporis.', NULL),
(629, NULL, 'Villa Botello del Mirador_07159.jpg', 'Aut rerum qui nisi possimus quam aut cum incidunt molestiae aperiam omnis ut reprehenderit enim esse possimus maiores assumenda explicabo saepe est.', 4, NULL, 'Et qui eos vel molestiae ab.', NULL),
(630, NULL, 'Perea Alta_01508.jpg', 'Debitis libero ut sequi nihil voluptatem ea nisi distinctio et incidunt eligendi alias labore iusto unde id voluptatem et et doloribus tempora laudantium tempora alias recusandae facilis enim placeat provident quae ut commodi ut dolores hic deserunt delen', 4, NULL, 'Quidem voluptate vel deleniti tenetur.', NULL),
(631, NULL, 'Vicente de San Pedro_93389.jpg', 'Qui quas iusto molestias illum iste harum non laborum omnis et ducimus distinctio aut consequatur consequuntur voluptatibus culpa sapiente quaerat amet a voluptas nemo reiciendis similique officiis non recusandae nihil sequi dolor velit.', 4, NULL, 'Et ad voluptatum porro laborum officia nemo ipsum quas.', NULL),
(632, NULL, 'San Muñoz_61664.jpg', 'Velit dolore eligendi officia expedita vero officiis beatae incidunt eos provident soluta placeat illum veritatis eius consectetur quidem nisi tempore veniam quo.', 4, NULL, 'Voluptates non beatae eum.', NULL),
(633, NULL, 'Las Izquierdo Medio_53445.jpg', 'Earum quia dolore culpa vero molestiae quia id quis et nihil omnis non illum laudantium exercitationem cum dolorem.', 4, NULL, 'Magnam earum quisquam.', NULL),
(634, NULL, 'A Sánchez de Ulla_17603.jpg', 'Deleniti non odio nesciunt voluptas cupiditate non labore ipsa omnis enim et.', 5, NULL, 'Fuga modi dolor harum quos.', NULL),
(635, NULL, 'Los Casillas_33978.jpg', 'Et et aperiam id non quos vel est quia aut vitae itaque et consectetur incidunt aut eius sint voluptatum sunt reprehenderit voluptate quibusdam et facilis repellendus animi et saepe molestiae nisi sit ab velit dolores tempora illum a eius ut.', 5, NULL, 'Perferendis sequi animi vel itaque.', NULL),
(636, NULL, 'Vall Lozada_63360.jpg', 'Qui enim voluptatem qui ipsa perferendis pariatur fuga illum magni voluptatibus exercitationem recusandae nihil voluptas quidem ipsa sed tempore cupiditate cum sit delectus sunt quisquam inventore ullam ea aut repudiandae consequatur inventore et quae vol', 5, NULL, 'Sunt vitae cum modi sed consequuntur qui et quam.', NULL),
(637, NULL, 'Hernández del Pozo_11718.jpg', 'Accusantium assumenda consectetur iusto sapiente quos perferendis recusandae quia.', 5, NULL, 'Occaecati aliquam quas.', NULL),
(638, NULL, 'Marroquín del Pozo_85858.jpg', 'Adipisci eum veniam amet et molestiae magnam quia porro.', 5, NULL, 'Odit corporis soluta et quae fugit repellendus dolor.', NULL),
(639, NULL, 'Collado de Ulla_98310.jpg', 'Officiis quidem sit deserunt nemo quae dolorum doloribus voluptate id laborum esse atque hic qui.', 5, NULL, 'Sunt dolor ut cumque amet excepturi.', NULL),
(640, NULL, 'A Salazar_71768.jpg', 'Est quos nihil maxime vel dolor doloremque qui aut omnis perferendis voluptate quas nulla quibusdam ullam velit dolor qui asperiores eos assumenda quis debitis tempora in et est facilis et ut totam dolorum odit vero est est aliquid.', 5, NULL, 'Dolor quae quis sit et omnis quia.', NULL),
(641, NULL, 'O Vanegas de la Sierra_83948.jpg', 'Itaque qui dolorem sunt qui aperiam maxime explicabo mollitia quia eos ratione nesciunt praesentium.', 5, NULL, 'Nostrum non.', NULL),
(642, NULL, 'Villa Rivas_67702.jpg', 'Molestiae velit eos rerum ad est molestiae expedita voluptatem dolor repellendus eaque quos cum quod culpa.', 5, NULL, 'Atque similique assumenda placeat et exercitationem fuga qui quo.', NULL),
(643, NULL, 'Mares del Puerto_75046.jpg', 'Asperiores qui exercitationem fuga consequatur et qui exercitationem reiciendis ducimus totam sed quibusdam commodi aspernatur hic corporis aut et dolorem odio eligendi veritatis dignissimos sed voluptates eveniet pariatur sit animi.', 5, NULL, 'Quia expedita repellendus quod aut.', NULL),
(644, NULL, 'San Gallardo_08669.jpg', 'Ea occaecati voluptates quaerat dolorum natus nihil molestias dolor modi ut aspernatur doloremque assumenda recusandae est et mollitia et.', 5, NULL, 'Fuga corrupti quam sunt enim.', NULL),
(645, NULL, 'Vall Saiz_12058.jpg', 'Quo dolor voluptatibus officia eligendi doloribus illo impedit ipsum laborum ipsam numquam delectus qui ut nobis.', 5, NULL, 'Dolor et consequatur.', NULL),
(646, NULL, 'Aguayo de Arriba_56207.jpg', 'Quia possimus est eos nobis modi esse possimus esse ipsa ut ea maxime soluta et saepe facere recusandae nostrum totam laudantium cupiditate.', 5, NULL, 'Numquam odio vel earum eaque quisquam qui.', NULL),
(647, NULL, 'Sarabia Baja_49562.jpg', 'Reprehenderit qui alias dolorum sit voluptas ut sunt fuga sunt ratione a voluptatem voluptas est dolore ut consequatur quia aut debitis nesciunt incidunt harum non in cumque neque dolor animi unde et eum sequi iusto ut aut sint maiores.', 5, NULL, 'Reprehenderit sunt magnam perferendis alias.', NULL),
(648, NULL, 'San Juárez de Lemos_54206.jpg', 'Eum delectus labore est temporibus et error omnis explicabo facilis natus aut expedita excepturi architecto ut eligendi aliquam voluptatem non.', 5, NULL, 'Autem quia est voluptatem sit quasi consectetur dolores.', NULL),
(649, NULL, 'San Cerda del Puerto_13071.jpg', 'Dolor non beatae dolor doloribus sit in voluptates.', 5, NULL, 'Nemo suscipit odio saepe.', NULL),
(650, NULL, 'Ornelas Medio_73749.jpg', 'Suscipit voluptatum dolor qui et dolor corporis et cumque.', 5, NULL, 'Nobis minima et et sunt eveniet ducimus sint asperiores et necessitatibus.', NULL),
(651, NULL, 'A Moran del Mirador_39199.jpg', 'Ullam nobis error inventore ut magni et deserunt tenetur sunt quis velit quis quia aut perspiciatis maxime inventore earum adipisci repellat quia odio iure est doloremque quae consequatur voluptatum quo ab reprehenderit.', 5, NULL, 'Minus modi enim et iusto dolores.', NULL),
(652, NULL, 'Os Rosas del Puerto_03463.jpg', 'Dignissimos autem assumenda eligendi et sit possimus omnis eos voluptatem mollitia consequatur molestias suscipit repellat dolorem consectetur numquam maiores aliquid.', 5, NULL, 'Quasi.', NULL),
(653, NULL, 'El Lozano del Bages_68148.jpg', 'Sit repellendus in iure rem omnis qui debitis dolorem enim ex totam labore at commodi officia.', 5, NULL, 'Vel quis repellat.', NULL),
(654, NULL, 'Os Rosales_13247.jpg', 'Quae alias nobis sit architecto nesciunt et officia enim velit non quisquam et ab beatae ea laborum nobis corporis numquam iure iste sint ea veniam itaque repudiandae soluta sed esse sunt est qui reprehenderit animi eius temporibus cumque suscipit vel omn', 5, NULL, 'Ab sunt non dolores rem non quis.', NULL),
(655, NULL, 'Los Izquierdo de la Sierra_88691.jpg', 'Accusantium incidunt nemo est nesciunt deleniti vel quibusdam aperiam ut eius eum accusantium quisquam tempore ut voluptatem ex voluptas qui aut veritatis non sed.', 5, NULL, 'Ut quidem quis non est temporibus suscipit veniam iusto et et perferendis.', NULL),
(656, NULL, 'Arredondo del Penedès_29156.jpg', 'Voluptatem deserunt sed corporis et sapiente et aut expedita ipsum ea architecto non nobis eum sunt voluptas repudiandae quis voluptatibus excepturi in et nisi ut illo rerum.', 5, NULL, 'Et distinctio doloribus pariatur.', NULL),
(657, NULL, 'O Cornejo Alta_25108.jpg', 'Unde eveniet tenetur odit quia sed velit ea omnis reiciendis quas ea fuga recusandae numquam in unde vitae natus.', 5, NULL, 'Dolorem magni qui dolorem eligendi repellendus.', NULL),
(658, NULL, 'L'' Caballero del Bages_37585.jpg', 'Voluptatibus animi at ipsum asperiores voluptas quam blanditiis quibusdam eaque suscipit voluptatem sit voluptate molestiae et debitis voluptatum eaque itaque ea sapiente iusto excepturi natus est ut qui nihil fuga.', 5, NULL, 'Modi.', NULL),
(659, NULL, 'O Juan del Puerto_34402.jpg', 'Eveniet labore temporibus nihil qui omnis cupiditate praesentium pariatur suscipit similique quisquam occaecati voluptatem similique ullam ab consequatur quo impedit et dolores nulla sint dolorem sint nemo esse velit et quo repellat iusto.', 5, NULL, 'Similique architecto culpa fuga rerum numquam omnis rerum eveniet illum.', NULL),
(660, NULL, 'Zapata de Ulla_65020.jpg', 'Pariatur non aut aliquam in omnis porro modi sit omnis sed neque et ut consequatur ut.', 5, NULL, 'Sunt eum dolorem.', NULL),
(661, NULL, 'La Alanis de Arriba_30058.jpg', 'Qui rem assumenda recusandae ut quo incidunt inventore accusamus excepturi ipsum voluptates aperiam quis qui ipsa harum itaque.', 5, NULL, 'Dolor natus dolor distinctio iste delectus impedit ea dolorem quis.', NULL),
(662, NULL, 'Os De la cruz_05110.jpg', 'Voluptatem rerum quibusdam ullam dolores voluptas officia eum fuga rerum architecto ut suscipit optio distinctio praesentium quis sed suscipit a.', 5, NULL, 'Molestias tempore voluptate modi consequatur.', NULL),
(663, NULL, 'San Serrano_95280.jpg', 'Omnis incidunt distinctio sunt ut et repellendus corrupti ipsum quibusdam enim facilis sequi doloremque quo.', 5, NULL, 'Blanditiis ea expedita est rerum consequatur autem.', NULL),
(664, NULL, 'A Villalpando de la Sierra_97156.jpg', 'Quia pariatur autem iusto et asperiores iusto autem eum voluptatem laborum hic eum eos quia et iusto veniam quas voluptatem consectetur suscipit neque.', 5, NULL, 'Ullam doloribus cumque aspernatur exercitationem nulla officia quia numquam dolorum adipisci fugit.', NULL),
(665, NULL, 'Villa Escribano_29942.jpg', 'Quae quis fugiat veniam voluptatem aut dolorum tempora temporibus in nostrum rem et culpa nam sit quis sed eum recusandae rerum nihil ea.', 5, NULL, 'Deleniti voluptates tempore aliquam et.', NULL),
(666, NULL, 'La Maldonado del Barco_62966.jpg', 'Dolor nisi quos delectus pariatur numquam cum dolore non quas est aperiam asperiores perspiciatis saepe animi aut eveniet quia.', 5, NULL, 'Ea consequatur ipsa consequatur fugit.', NULL),
(667, NULL, 'El Moral_06667.jpg', 'Voluptatem dolores alias libero sed et illo dignissimos impedit dolor tempore ut hic quisquam sapiente accusamus est inventore veritatis ut consequatur sed iure voluptas modi inventore sit nesciunt rerum est eos nisi qui nemo non a excepturi aut atque est', 5, NULL, 'Enim iusto dolorum quisquam.', NULL),
(668, NULL, 'San Suárez del Puerto_47834.jpg', 'Aperiam voluptatum fugit voluptate fugit perspiciatis eum ut eum ut dolor et amet et sit ut fugiat enim quia eaque.', 5, NULL, 'Quaerat inventore dolorem repudiandae perspiciatis iusto est esse aspernatur porro aut.', NULL),
(669, NULL, 'O Medrano_84821.jpg', 'Dignissimos cupiditate hic at ipsum consequatur omnis repellendus sint et unde rerum magni inventore officia voluptate omnis tempore molestiae incidunt cumque impedit occaecati et debitis beatae ullam molestias.', 6, NULL, 'Aliquid.', NULL),
(670, NULL, 'La Frías Alta_03757.jpg', 'Commodi iste quia quia id ratione autem repellendus et ut eligendi deleniti fugit.', 6, NULL, 'Necessitatibus quidem a unde incidunt.', NULL),
(671, NULL, 'O Font_82809.jpg', 'Expedita error officia ut eligendi consequatur qui et suscipit ex autem provident omnis maxime provident quia qui et ut illo suscipit vitae eaque dolorem placeat voluptas tempore facilis est quisquam ratione perferendis quis quis necessitatibus quam moles', 6, NULL, 'Nam et eius.', NULL),
(672, NULL, 'Candelaria Alta_08598.jpg', 'Eos deleniti tempora consequuntur et quia et voluptas dolorum libero corporis non quo ratione dolores quia consectetur omnis et eius.', 6, NULL, 'Quaerat possimus ut dignissimos quaerat quas fuga.', NULL),
(673, NULL, 'Os Mota de San Pedro_17859.jpg', 'Qui libero repellendus sunt atque iure tempore ut sapiente voluptatem in animi sed sed recusandae ut iste eos magni libero.', 6, NULL, 'Ipsum illo veniam molestias hic distinctio quia.', NULL),
(674, NULL, 'Salcido de Ulla_49264.jpg', 'Eius dicta sit non accusamus atque dolores mollitia aut nobis ut fugiat vitae ex sed libero et libero laboriosam qui non quam assumenda ut possimus aut ullam.', 6, NULL, 'Magnam dolorem.', NULL),
(675, NULL, 'El Henríquez_12564.jpg', 'Expedita sequi ut maiores dolores non fuga et et quibusdam dolores eligendi quidem ipsa nostrum est itaque quis dolor quas optio quia numquam.', 6, NULL, 'Eius quas.', NULL),
(676, NULL, 'Villa Santos_36393.jpg', 'Fugit et aut libero adipisci a explicabo voluptatem quia et sit doloremque.', 6, NULL, 'Qui voluptas minus aperiam aut quia.', NULL),
(677, NULL, 'El Barragán_66210.jpg', 'Vero ut aspernatur est in harum perspiciatis molestias quis numquam et quibusdam quas excepturi veritatis qui consequuntur assumenda.', 6, NULL, 'Aspernatur consequatur molestias nesciunt porro tempora doloremque eius repudiandae.', NULL),
(678, NULL, 'L'' Contreras_21745.jpg', 'Est est cupiditate in quis totam animi ex natus est veniam id suscipit esse quidem quisquam id recusandae veniam dolor doloribus voluptatem.', 6, NULL, 'Odio saepe amet beatae recusandae recusandae cum nostrum id error et corporis.', NULL),
(679, NULL, 'La Llamas del Penedès_49664.jpg', 'Illo quam amet incidunt qui hic magni et veniam corrupti et hic autem libero.', 6, NULL, 'Recusandae beatae quae ratione laudantium et sint voluptatem non.', NULL),
(680, NULL, 'Rosario del Penedès_47332.jpg', 'Eos provident ducimus quis quis eaque doloribus fugiat similique corporis voluptatem facilis iure et ea minus.', 6, NULL, 'Ipsum et pariatur qui.', NULL),
(681, NULL, 'Carbonell del Vallès_35143.jpg', 'Vel qui ipsam at dolorum et dolorum voluptatem esse accusantium illo et ut aut officiis laborum et molestias et voluptate beatae.', 6, NULL, 'Dicta cum et atque neque.', NULL),
(682, NULL, 'As Corona del Pozo_34542.jpg', 'Aut corrupti ratione cumque autem sint laboriosam tempora a et architecto omnis mollitia officia eaque repellat sunt ut qui qui omnis esse hic consequuntur labore accusamus at sint quia.', 6, NULL, 'At omnis porro rerum aperiam repellendus ut velit et pariatur.', NULL),
(683, NULL, 'Villa Godoy_52056.jpg', 'Ab tempore ducimus et iure recusandae expedita voluptas eos corrupti deserunt fugiat ad cupiditate ut natus possimus porro est est fugiat quia ipsam.', 6, NULL, 'Expedita voluptas numquam.', NULL),
(684, NULL, 'Os Sáenz Baja_69661.jpg', 'Est sed sit saepe occaecati minus aspernatur vero expedita necessitatibus rerum aliquam facilis vero beatae explicabo velit maxime et eos in sunt officia et quia praesentium sunt qui animi eos animi culpa quidem.', 6, NULL, 'Repudiandae sit voluptatem reiciendis.', NULL),
(685, NULL, 'As Martí_67960.jpg', 'Non maxime recusandae nobis est autem est voluptas aut aliquam numquam numquam quia consequuntur aliquid deleniti quidem eligendi iusto quaerat doloribus sunt architecto tenetur.', 6, NULL, 'Ratione corrupti sit earum excepturi est culpa.', NULL),
(686, NULL, 'Os Carrión del Mirador_45740.jpg', 'Iusto et voluptatem hic optio ducimus illo et et cum possimus nesciunt sint asperiores quis omnis vitae voluptatem ut labore autem ea quasi doloremque ab corrupti omnis fugiat labore sed ipsum molestiae molestiae et maxime.', 6, NULL, 'Eligendi placeat mollitia totam et laboriosam veniam nemo et voluptates.', NULL),
(687, NULL, 'San Candelaria de Ulla_00199.jpg', 'Sed in quia qui dignissimos perferendis quia ut consequuntur quo repellendus odit qui est veniam quisquam mollitia.', 6, NULL, 'Illo eligendi aliquid modi sed aliquid ullam nobis odit recusandae ullam quisquam.', NULL),
(688, NULL, 'Os Estévez de las Torres_84186.jpg', 'Omnis placeat sit neque vel sint qui ad sit corporis in quia impedit et inventore occaecati possimus ut quam molestiae tempora molestiae porro in necessitatibus autem ad.', 6, NULL, 'Sunt doloribus minima aut delectus nulla.', NULL),
(689, NULL, 'Los Casas_34797.jpg', 'Rem perspiciatis labore quia animi aut inventore atque harum dolore maxime voluptas qui dolores et et velit facere autem mollitia temporibus ut architecto cum est quidem velit sed similique architecto commodi eos sequi eos velit et aut.', 6, NULL, 'Nesciunt commodi illo consectetur qui numquam ut.', NULL),
(690, NULL, 'Os Vallejo de San Pedro_52820.jpg', 'Excepturi sit id molestiae soluta vel est doloribus veniam ea libero dicta esse ipsam sint necessitatibus voluptas sit magnam.', 6, NULL, 'Occaecati dolore sapiente amet perspiciatis sit.', NULL),
(691, NULL, 'Los Juárez_03802.jpg', 'Delectus eum aut corrupti incidunt laboriosam dolore.', 6, NULL, 'Accusantium optio.', NULL),
(692, NULL, 'Os Vargas Alta_08259.jpg', 'Voluptatem sequi laboriosam impedit dolorem in dolores quia ut sit ipsum quaerat aut quas neque sunt aut aperiam natus sint id a perspiciatis nihil voluptas.', 6, NULL, 'Officia doloribus perspiciatis.', NULL),
(693, NULL, 'Pons de Arriba_76590.jpg', 'Aut dicta qui aut in sit quisquam aliquid voluptas laudantium sed fugit et omnis aliquam asperiores voluptatem.', 6, NULL, 'Totam esse quidem.', NULL),
(694, NULL, 'Córdoba del Puerto_59440.jpg', 'Ut illo quia sequi recusandae illum natus quia debitis quis debitis et tenetur assumenda totam ea sit saepe ex eaque omnis et a corporis rerum ex velit repudiandae labore ratione et corporis amet temporibus eos sed veniam perferendis error.', 6, NULL, 'Vel soluta ut voluptatum debitis sint temporibus.', NULL),
(695, NULL, 'Gallego del Vallès_93342.jpg', 'Reiciendis est id aut facilis ea voluptates voluptas sit numquam ipsam sequi dignissimos ducimus voluptas labore et atque delectus ratione ex earum architecto alias corporis.', 6, NULL, 'Sunt eveniet quos pariatur saepe.', NULL),
(696, NULL, 'A Moran_40348.jpg', 'Et et temporibus est temporibus provident doloribus unde a vel nobis natus voluptas ducimus et repudiandae est iure sit sequi reiciendis sint maxime aut quia saepe consectetur nulla quod.', 6, NULL, 'Necessitatibus est voluptatem voluptas quibusdam non dolores dolores amet.', NULL),
(697, NULL, 'Os Guillen de Lemos_54615.jpg', 'Dignissimos ab asperiores laboriosam nobis iure quaerat nobis quae laborum beatae non ducimus repellendus aut natus.', 6, NULL, 'Recusandae rerum assumenda ipsam sit nihil.', NULL),
(698, NULL, 'Valdez de Ulla_85123.jpg', 'Nobis et sit eius quae maiores maxime perferendis facilis nulla molestiae voluptatem aut sit iusto ratione est sunt laboriosam facere sint perferendis qui quis voluptates ipsum voluptatibus numquam hic laboriosam vitae cumque est.', 6, NULL, 'Repellendus sint provident aliquid.', NULL),
(699, NULL, 'San Tapia de Ulla_69953.jpg', 'Amet ipsa neque aut pariatur voluptatem voluptas at est earum reiciendis ut sit perspiciatis distinctio et excepturi sit aut et.', 6, NULL, 'Odit a officia aut aut ut inventore vel non ut sed.', NULL),
(700, NULL, 'Os Ruiz_09685.jpg', 'Perspiciatis deleniti vero aut quibusdam quis quia molestias omnis minima in cupiditate eum laborum.', 6, NULL, 'Laudantium aut pariatur veritatis minima aut excepturi.', NULL),
(701, NULL, 'Os Garibay Baja_09982.jpg', 'Et sit voluptate ullam voluptatem quia praesentium aut ea quia vel voluptatem magni dolorum voluptate veniam officia quisquam iure fugiat impedit qui a consequatur rerum quibusdam cum maiores explicabo cum sed occaecati fugit molestiae error saepe libero ', 6, NULL, 'Id officiis qui commodi sequi dolores.', NULL),
(702, NULL, 'Vall Lucas_85204.jpg', 'Est quisquam est recusandae molestias et magnam unde distinctio ut vero eum atque molestiae et et ipsum quam exercitationem odio molestiae modi distinctio magnam cum eaque nihil adipisci.', 6, NULL, 'Maxime voluptas soluta omnis error necessitatibus odio voluptatem.', NULL),
(703, NULL, 'O Cruz de la Sierra_94470.jpg', 'Tenetur ratione corporis beatae sed vel vel saepe recusandae quis est excepturi incidunt consequatur.', 6, NULL, 'Suscipit ullam non illum quas aspernatur officiis qui dolor enim.', NULL),
(704, NULL, 'Meraz de Lemos_96712.jpg', 'Culpa totam repudiandae officiis tempora maxime dolorem est dolor eaque illum et unde rerum eaque iure architecto at qui magni culpa aliquid ratione optio nostrum consequatur quas aut sapiente nisi.', 7, NULL, 'Adipisci ullam.', NULL),
(705, NULL, 'Os Mateos Alta_40077.jpg', 'Quia rem nihil debitis aut placeat et aut et omnis illo dignissimos rem numquam ex ullam quia molestiae perferendis nobis quidem fuga aut voluptatem qui nobis et modi numquam repellendus fugiat eum magnam culpa incidunt.', 7, NULL, 'Beatae deserunt quia eveniet.', NULL),
(706, NULL, 'L'' Brito_36861.jpg', 'Ut et fugit ullam consequatur et mollitia consequatur dolorem nihil nihil vitae eum et placeat sit eveniet minima laborum numquam soluta libero et quidem illo dolores quis voluptas.', 7, NULL, 'Libero consequatur sequi velit delectus tenetur sit ipsam.', NULL),
(707, NULL, 'Las Rael_95690.jpg', 'Autem consectetur aut vero voluptate nam voluptas quasi placeat eveniet reprehenderit quidem quis repellendus officiis consequatur enim error quia corrupti nisi dicta.', 7, NULL, 'Aut.', NULL),
(708, NULL, 'San Sáez_46899.jpg', 'Vitae minus illo reiciendis necessitatibus iusto et aut et assumenda incidunt et est porro.', 7, NULL, 'Quam provident asperiores veritatis in ducimus totam est vitae et.', NULL),
(709, NULL, 'Juan Medio_29316.jpg', 'Rerum iusto vitae adipisci et iste dolorem in quia in iste maiores similique quae.', 7, NULL, 'Ipsum illum reiciendis quos sit debitis recusandae itaque repudiandae.', NULL),
(710, NULL, 'La Calero_21332.jpg', 'Praesentium quaerat itaque iste ut labore ipsa accusantium reiciendis dolorem ut possimus nostrum ipsum pariatur ducimus error dolores voluptatem quo expedita doloribus sequi non.', 7, NULL, 'Sit repellendus qui ex consequatur inventore.', NULL),
(711, NULL, 'Dueñas de Lemos_13356.jpg', 'In ut qui quasi praesentium accusamus perferendis tenetur commodi et maiores id nisi illum nemo beatae quia ad eos vitae soluta quo nostrum.', 7, NULL, 'Eos nemo aut ut autem commodi nobis voluptatibus.', NULL),
(712, NULL, 'Arevalo Alta_38664.jpg', 'Atque possimus ea non laudantium cupiditate quis nesciunt iste sequi quo enim voluptas doloremque.', 7, NULL, 'Ut.', NULL),
(713, NULL, 'Los Barrientos de la Sierra_03837.jpg', 'In velit alias sint autem officia porro consequatur sint perspiciatis rerum ipsa et reprehenderit aut a voluptatibus maxime ut perspiciatis ut.', 7, NULL, 'Facere quia aut ut.', NULL),
(714, NULL, 'San Estrada Medio_13087.jpg', 'Aut aperiam animi praesentium ipsam fugiat voluptatem tenetur et at perspiciatis alias excepturi qui et saepe dolores tempore aut minima modi et voluptas voluptas id.', 7, NULL, 'Voluptas cupiditate.', NULL),
(715, NULL, 'Ornelas Baja_84565.jpg', 'Aut eos id accusamus culpa quibusdam quia assumenda atque deleniti explicabo et ab doloremque aspernatur.', 7, NULL, 'Rerum hic perferendis facilis consequuntur recusandae.', NULL),
(716, NULL, 'L'' Lara_21749.jpg', 'Quia officia recusandae aspernatur beatae qui ipsa aut aliquam inventore maiores repudiandae voluptas iste asperiores aut ut minima ducimus cum sit soluta minima quia.', 7, NULL, 'Voluptas.', NULL),
(717, NULL, 'Carrero Alta_61037.jpg', 'Qui natus accusantium veritatis dolores corrupti dolorem in rerum accusamus excepturi in ducimus distinctio vel quo cupiditate nobis omnis ducimus ea eius unde dolorum.', 7, NULL, 'Aut in.', NULL),
(718, NULL, 'San Lemus_39294.jpg', 'Quo ut aut quaerat minima est aspernatur est id dicta a quo nostrum illum.', 7, NULL, 'Quam velit atque omnis illo sunt laudantium.', NULL),
(719, NULL, 'Chávez de Arriba_49254.jpg', 'Sint sed quod ab odio enim ut rerum consectetur et quas enim et nihil voluptas incidunt saepe excepturi officia dolor voluptatem ea architecto voluptatem voluptatem consequatur ratione reiciendis facilis nihil maxime quia voluptatem quia cumque voluptas e', 7, NULL, 'Error non nostrum dolorum placeat atque.', NULL),
(720, NULL, 'Serrano del Barco_93551.jpg', 'Quibusdam et modi ducimus voluptas autem sint soluta praesentium et delectus quia temporibus totam tempore ullam optio nihil quia ea id aspernatur quibusdam earum fugiat qui recusandae qui quaerat qui.', 7, NULL, 'Ad delectus nobis voluptas libero quia.', NULL),
(721, NULL, 'Valle de San Pedro_57765.jpg', 'Praesentium nostrum et voluptas inventore ducimus enim qui eveniet voluptate numquam consequatur voluptatem placeat expedita dolorem ut et animi ipsum beatae dolore error atque et eveniet sit minus voluptatem hic sed rerum fugiat qui et quisquam et modi q', 7, NULL, 'Aut quod id enim officia ut.', NULL),
(722, NULL, 'Villa Antón de Arriba_19150.jpg', 'Aliquid reiciendis praesentium temporibus quia sed necessitatibus dicta provident et non rerum sint quas ea et eveniet nesciunt recusandae voluptas enim occaecati.', 7, NULL, 'Aspernatur ducimus.', NULL);
INSERT INTO `mapa` (`id`, `imagen`, `enlace`, `descripcion`, `profesor_id`, `audio`, `titulo`, `enlace_audio`) VALUES
(723, NULL, 'L'' De la cruz de Ulla_43224.jpg', 'Eos neque tenetur repudiandae vitae harum et recusandae eius incidunt et dolor necessitatibus perspiciatis accusantium odit mollitia adipisci nihil pariatur dolorem laborum et.', 7, NULL, 'Voluptatem similique quisquam enim voluptate id pariatur ea pariatur repudiandae facere.', NULL),
(724, NULL, 'Villa Samaniego del Vallès_99021.jpg', 'Dolores ipsa vitae qui ducimus quia pariatur ad repudiandae et quisquam voluptatem porro ut repudiandae aspernatur dolore accusantium atque exercitationem nulla quaerat aperiam nostrum optio non atque autem voluptatem ut ducimus ab odio.', 7, NULL, 'Deleniti tenetur quae eos facere consequatur qui non consequatur quia.', NULL),
(725, NULL, 'El Delrío de Arriba_52801.jpg', 'Et explicabo mollitia beatae nisi adipisci vitae laborum aliquid nam aperiam expedita commodi est doloremque voluptatibus culpa et odit perferendis.', 7, NULL, 'Doloribus incidunt et quia.', NULL),
(726, NULL, 'Conde de las Torres_86544.jpg', 'Sit sit tempore eos explicabo ullam et iste et tempore ad velit harum perspiciatis quis itaque voluptatum aut est autem non ullam aspernatur qui cum laborum eius sapiente et incidunt fugiat odio ex error.', 7, NULL, 'Ipsam quis et delectus.', NULL),
(727, NULL, 'Vall Moreno de las Torres_42424.jpg', 'Impedit consequuntur repellendus saepe velit cum itaque rerum recusandae voluptate error tempore tenetur optio reprehenderit minima ullam cum magni temporibus omnis voluptatem ea sequi magnam aspernatur eos nihil repellat occaecati nisi eveniet laudantium', 7, NULL, 'Aliquid animi debitis porro asperiores autem.', NULL),
(728, NULL, 'San Salinas del Bages_62030.jpg', 'Voluptas ratione culpa quo animi at veritatis labore fuga doloremque eligendi dolor omnis quia consequuntur dolorum consequatur ea ut itaque consequatur praesentium beatae perspiciatis officiis et est.', 7, NULL, 'Qui reprehenderit ex quas sit sequi autem quos sed.', NULL),
(729, NULL, 'Vila de Lemos_12445.jpg', 'Cumque aut debitis iure laboriosam beatae nemo enim voluptatem et sint ea quod ullam aut autem laudantium voluptatem rerum enim aperiam necessitatibus qui amet explicabo ut non eos fugit aspernatur.', 7, NULL, 'Qui id atque ea ullam adipisci facere sit.', NULL),
(730, NULL, 'La Polo_26697.jpg', 'Nam et tempora consequatur sunt et dolorem architecto optio voluptas voluptas libero repellendus aliquam cum sapiente quia similique aliquam modi.', 7, NULL, 'Voluptate perferendis.', NULL),
(731, NULL, 'San Almaraz del Pozo_95372.jpg', 'Voluptatibus sit possimus occaecati non ratione dolorem sed harum culpa aspernatur quia aut ut fuga accusantium qui laborum sint eaque inventore laboriosam aut quos et debitis sed exercitationem.', 7, NULL, 'Eum mollitia blanditiis enim.', NULL),
(732, NULL, 'La Gaitán_95868.jpg', 'Itaque laboriosam sit aut voluptas quae qui mollitia beatae voluptate magnam sed quidem aut qui voluptatem similique quisquam cumque.', 7, NULL, 'Magnam quia commodi hic nostrum quia velit qui sint repudiandae.', NULL),
(733, NULL, 'Romero de San Pedro_87695.jpg', 'Cupiditate et consequatur quisquam dolorum ut repellendus quia voluptatem tempora odio similique aut sunt ipsum quidem provident dolorem non id reiciendis illum quia ut ea ratione.', 7, NULL, 'Qui est voluptatum consequatur ut qui cum ducimus quam porro.', NULL),
(734, NULL, 'Las Peralta del Penedès_79868.jpg', 'Quia suscipit est laboriosam iste omnis incidunt quidem ut.', 7, NULL, 'Est sit ut porro quaerat.', NULL),
(735, NULL, 'A Delagarza del Vallès_68567.jpg', 'Voluptatem ut aliquam aut quas magnam distinctio perferendis eaque consequatur harum labore consequatur perferendis consequatur animi culpa eum voluptatem harum.', 7, NULL, 'Ut earum sit voluptas sit.', NULL),
(736, NULL, 'Muñoz del Barco_72385.jpg', 'Sint odio et et unde esse recusandae dolorem consectetur corrupti quibusdam quia ut rem.', 7, NULL, 'Quia voluptate cupiditate ut neque aut totam.', NULL),
(737, NULL, 'Piña de Ulla_18946.jpg', 'Esse consequatur sed voluptas suscipit numquam placeat voluptatum eaque officia ut consequatur sed pariatur nulla assumenda quidem voluptas temporibus architecto quasi nemo consequatur sapiente voluptatem consequatur eos quis ut non delectus molestias cor', 7, NULL, 'Illo voluptas voluptas aspernatur.', NULL),
(738, NULL, 'L'' Casares_64949.jpg', 'Nihil dolores et ea perferendis quia et officia.', 7, NULL, 'Error facere.', NULL),
(739, NULL, 'O Roig del Mirador_50144.jpg', 'Voluptas dolorem officiis est libero qui aut dolorum quia animi fugiat reprehenderit non corporis dolorum nam iste voluptatem et.', 8, NULL, 'Earum rerum iusto rerum sit et.', NULL),
(740, NULL, 'Casillas del Pozo_27798.jpg', 'Quis ut corrupti ut enim voluptate voluptatem provident eos iusto tenetur quo ab at illum veniam ut commodi atque.', 8, NULL, 'Non quam et rerum qui quia et asperiores a praesentium.', NULL),
(741, NULL, 'A Santiago del Bages_09260.jpg', 'Inventore cum quia nisi sit et ut laudantium maxime eos aut neque a quis maxime eaque praesentium.', 8, NULL, 'Aliquam non unde id soluta neque.', NULL),
(742, NULL, 'Os Padilla_42474.jpg', 'Voluptatibus sint nam corrupti temporibus nihil dignissimos quae excepturi et et omnis ad autem ut architecto ducimus aut consequatur consequuntur animi repellendus.', 8, NULL, 'Quae voluptatum iusto.', NULL),
(743, NULL, 'La Saldaña_21218.jpg', 'Necessitatibus blanditiis nam unde quas eum qui et distinctio iste sit laudantium nemo ut natus quae tempora et minus non sunt voluptatem harum et exercitationem.', 8, NULL, 'Temporibus in illo.', NULL),
(744, NULL, 'Os Canales_00336.jpg', 'Nihil voluptas perspiciatis voluptas dolor provident blanditiis dicta similique assumenda vero quis eos est est rerum numquam molestiae voluptas quis recusandae aspernatur repudiandae laboriosam nesciunt omnis rerum alias qui.', 8, NULL, 'Hic nihil qui impedit non ab.', NULL),
(745, NULL, 'Las Macias del Puerto_62072.jpg', 'In atque mollitia qui est commodi et necessitatibus dolore quos expedita totam quasi.', 8, NULL, 'In repellendus magnam culpa nobis nihil repellat suscipit veniam.', NULL),
(746, NULL, 'La Esquibel del Puerto_70709.jpg', 'Error placeat culpa qui cumque eligendi esse sed repudiandae enim quia quibusdam rem id iste placeat sint cumque omnis veritatis quia ducimus dolorum adipisci maiores aut dolor et voluptas dignissimos ducimus rerum pariatur repudiandae accusantium est mol', 8, NULL, 'Voluptatem nesciunt tempore sed corporis consequatur corrupti ea.', NULL),
(747, NULL, 'El Castillo de la Sierra_38322.jpg', 'Itaque repellendus vero repudiandae quo vel rem reiciendis eum quam vel omnis libero a quod qui molestiae numquam amet.', 8, NULL, 'Ratione eveniet nesciunt incidunt vitae enim dicta.', NULL),
(748, NULL, 'Los Carrera_49354.jpg', 'Perferendis ullam voluptas dignissimos distinctio et dolor sint quia earum cum.', 8, NULL, 'Consequatur qui iste recusandae quisquam animi voluptates voluptatibus aliquid.', NULL),
(749, NULL, 'Chacón del Mirador_75055.jpg', 'A perferendis quia itaque explicabo possimus eos voluptatem atque qui iusto ut ad veniam repellendus ipsam molestiae quaerat corporis vitae tempore expedita maiores ut consequatur amet quis voluptas aspernatur aliquam omnis.', 8, NULL, 'Ea.', NULL),
(750, NULL, 'Los Serrano_20338.jpg', 'Blanditiis quia nam qui soluta molestiae et et delectus enim laudantium ut quam quidem quaerat repellat aut voluptatibus sed odio ut eos reprehenderit eius.', 8, NULL, 'Aspernatur est iure.', NULL),
(751, NULL, 'Tello del Penedès_14792.jpg', 'Omnis dolore suscipit consequuntur delectus ut deleniti nobis exercitationem dolores quidem eum odit in porro.', 8, NULL, 'Mollitia aut vel consequuntur quaerat molestiae aut.', NULL),
(752, NULL, 'El Rocha_95460.jpg', 'Quia voluptatibus sunt suscipit et qui dicta excepturi aut atque adipisci cum placeat dolorem sed qui est velit illum animi quia nostrum corporis necessitatibus perspiciatis sint illum.', 8, NULL, 'A quisquam.', NULL),
(753, NULL, 'Os Sola_86001.jpg', 'Est animi earum quo fugit aut voluptatem asperiores officia alias dolor vel debitis est est tempora laudantium consequatur molestiae dolorum sit tenetur consequatur.', 8, NULL, 'Quod nesciunt sapiente fuga.', NULL),
(754, NULL, 'O Flórez_54052.jpg', 'Cum voluptate alias fuga adipisci veniam magnam earum deserunt ut quaerat eveniet voluptatum sed eum est esse hic veritatis itaque quod rerum ut et.', 8, NULL, 'Odit cupiditate aliquam.', NULL),
(755, NULL, 'Cavazos de Ulla_22927.jpg', 'Ut corrupti repellat temporibus ad quod sed illum quod necessitatibus optio.', 8, NULL, 'Eaque fugiat quo autem quia eos sequi nemo.', NULL),
(756, NULL, 'O Martí_20605.jpg', 'Ut aliquam doloremque excepturi porro dolores maiores eos est laborum quo eveniet ut sapiente.', 8, NULL, 'Quibusdam.', NULL),
(757, NULL, 'A Crespo_44133.jpg', 'Corporis nam consequuntur ea ea minima ullam natus quia omnis ea et odit numquam consequatur vero rerum id veritatis nihil ab nulla laboriosam et non.', 8, NULL, 'Ut mollitia vero officiis molestias dolores.', NULL),
(758, NULL, 'Las Almanza_38437.jpg', 'Modi atque alias et eveniet libero quidem sequi tempora quisquam sit fugiat sint voluptas aliquid quaerat voluptatem facilis fugiat autem nam et doloremque veniam recusandae.', 8, NULL, 'Debitis nobis quaerat et voluptatem quaerat.', NULL),
(759, NULL, 'L'' Bañuelos_91968.jpg', 'Sed iste consequuntur sed doloribus temporibus eveniet cupiditate itaque culpa eveniet ex sint optio praesentium perspiciatis itaque facilis qui dolorum natus perspiciatis doloremque nihil sit molestiae atque rerum.', 8, NULL, 'Porro sequi aliquid modi eius expedita vero quia aut.', NULL),
(760, NULL, 'La Madrigal Alta_07058.jpg', 'Aliquam consequatur animi non iusto repudiandae quis unde soluta iusto harum consequatur inventore labore aliquid repellendus cum reprehenderit distinctio alias iusto eius est amet maxime delectus modi sit nulla ratione perferendis nemo nobis suscipit ven', 8, NULL, 'Incidunt omnis totam minima.', NULL),
(761, NULL, 'Aranda del Puerto_07456.jpg', 'Voluptatem veniam harum maiores veritatis deleniti unde qui dolorem ipsam voluptatem tenetur magnam inventore fugiat est et rem quam accusantium quis necessitatibus inventore quasi et.', 8, NULL, 'Rem amet omnis sunt et molestias consequuntur sed vitae.', NULL),
(762, NULL, 'Macias del Puerto_59089.jpg', 'Aut qui est quia aut rerum aut quia provident veritatis temporibus dolorem maiores ex occaecati et adipisci nam id est ea deserunt et quis facilis deserunt quia error ex voluptatum non autem vero.', 8, NULL, 'Ut officiis illo fugit officiis consequuntur et.', NULL),
(763, NULL, 'San Carbonell_39864.jpg', 'Quidem sint nemo dolores ea sed tenetur aut est et quis modi enim ab praesentium labore nihil assumenda quis eum velit voluptates blanditiis consequatur libero aut ea neque dicta voluptatem in inventore unde aspernatur numquam sunt id natus.', 8, NULL, 'Aliquam odio blanditiis quia.', NULL),
(764, NULL, 'Las Delapaz_34050.jpg', 'Qui architecto non amet error distinctio recusandae magnam ipsam debitis amet rerum eum mollitia tempora dicta consequatur rerum labore et minima recusandae corporis ex facere sint beatae voluptas porro exercitationem adipisci voluptatem non impedit est e', 8, NULL, 'Minus dolorem voluptas.', NULL),
(765, NULL, 'As Barajas Medio_70892.jpg', 'Perferendis quaerat enim non voluptas cum quam eius architecto voluptas dolores provident molestiae et ab commodi consectetur quod ullam voluptatem veniam aliquam qui possimus sit.', 8, NULL, 'Ut tempora atque suscipit illum.', NULL),
(766, NULL, 'A Concepción_35296.jpg', 'Sunt ratione possimus sed qui suscipit ullam sint excepturi maxime ducimus harum sequi voluptatem doloribus itaque laboriosam voluptatum voluptatum.', 8, NULL, 'Est occaecati deserunt suscipit ut eligendi.', NULL),
(767, NULL, 'Urías Alta_81564.jpg', 'Doloremque provident delectus et ab dolor ad iste animi animi rerum unde illum.', 8, NULL, 'Accusantium veniam modi.', NULL),
(768, NULL, 'L'' Estrada_69209.jpg', 'Fugit quibusdam non facere minima quia est maiores maxime sit voluptatum doloremque iusto et accusamus est quasi ut at veritatis delectus est.', 8, NULL, 'Est minus quos.', NULL),
(769, NULL, 'O Cardona del Pozo_20013.jpg', 'Et molestiae porro asperiores optio omnis voluptatibus molestiae qui voluptas assumenda accusantium labore quo hic exercitationem quae laudantium enim mollitia.', 8, NULL, 'Nisi voluptatibus omnis dicta.', NULL),
(770, NULL, 'San Girón de San Pedro_28647.jpg', 'Est eligendi sequi non quo ex itaque id et maiores laudantium magni nobis optio nisi autem.', 8, NULL, 'Praesentium et qui quis atque.', NULL),
(771, NULL, 'Los Delao_39262.jpg', 'Aut mollitia similique cumque eos rerum necessitatibus eum alias ea sit beatae soluta facere harum eum aut sit reprehenderit et perspiciatis quas et.', 8, NULL, 'Quasi numquam voluptates.', NULL),
(772, NULL, 'Montez del Barco_55389.jpg', 'Distinctio eligendi minima reprehenderit nihil rerum autem quis consequuntur soluta cumque in sapiente quasi similique eaque quasi qui molestias eligendi aut.', 8, NULL, 'Eum iste aliquam architecto saepe minus aut et vitae iste accusamus.', NULL),
(773, NULL, 'Vanegas del Mirador_71372.jpg', 'Mollitia quod neque atque et sit non et saepe commodi et reiciendis dolorum et sequi sunt explicabo neque provident soluta unde quia perspiciatis.', 8, NULL, 'Qui animi.', NULL),
(774, NULL, 'Mondragón de Lemos_48068.jpg', 'Aspernatur alias laudantium delectus sunt architecto magnam aliquam sed tempore numquam consequuntur.', 9, NULL, 'Recusandae fuga eum aut tempora officiis vitae sit.', NULL),
(775, NULL, 'Véliz de la Sierra_75381.jpg', 'Magni nisi aspernatur perspiciatis expedita qui blanditiis est non quam quia ducimus facere et alias cum et natus ipsam quos quaerat dolores debitis molestiae non et qui aspernatur et et eum.', 9, NULL, 'Et optio voluptas quis corrupti enim eius molestiae.', NULL),
(776, NULL, 'Villanueva del Pozo_36538.jpg', 'Recusandae omnis consequatur non quae molestiae nesciunt est accusamus nemo aut sed sunt rem quos.', 9, NULL, 'Et dolorem qui id omnis dolorum repellat.', NULL),
(777, NULL, 'El Cortés de Ulla_17888.jpg', 'Est provident impedit est ex consequatur quia reprehenderit dolore tempore enim.', 9, NULL, 'Magnam voluptatem numquam quos voluptatum totam sed illo est.', NULL),
(778, NULL, 'O Jurado_77320.jpg', 'Corrupti veritatis harum et commodi eaque veniam ad quos aperiam quas dolor assumenda cumque iste excepturi illo optio.', 9, NULL, 'Rerum sit.', NULL),
(779, NULL, 'Moreno Baja_99453.jpg', 'Rem dolor illo quo natus necessitatibus quia laudantium quo sed omnis necessitatibus qui sunt harum unde praesentium nemo eius repudiandae aut enim vero sunt mollitia rerum tempore optio.', 9, NULL, 'Ex quis quis illum eos in nostrum.', NULL),
(780, NULL, 'Os Peña_68100.jpg', 'Illo fugiat quae et molestiae deserunt ipsa laboriosam saepe autem aut debitis temporibus et totam quis sequi odit aspernatur.', 9, NULL, 'Quia est est saepe sint quisquam non dolore quas ducimus.', NULL),
(781, NULL, 'Villa Corral del Penedès_45862.jpg', 'Distinctio at at totam aspernatur perferendis aspernatur natus architecto eveniet est voluptas voluptas minima omnis voluptate rerum aperiam.', 9, NULL, 'Labore est itaque dolores autem cumque adipisci maiores.', NULL),
(782, NULL, 'Reynoso de la Sierra_90017.jpg', 'Alias consequuntur sit nulla beatae delectus sit quis iure deserunt sunt laudantium aliquid quia praesentium eveniet cumque praesentium sit sed quae hic quisquam est occaecati cumque dolores odit non facere et tempore soluta in nisi itaque nihil.', 9, NULL, 'Odio facilis nobis.', NULL),
(783, NULL, 'Los Véliz_07035.jpg', 'Id aut et dolorem dignissimos eos totam non nulla vel omnis.', 9, NULL, 'Velit dolor ea quam eum.', NULL),
(784, NULL, 'Perales de San Pedro_90927.jpg', 'Est et est recusandae laboriosam voluptas nihil ducimus laudantium exercitationem harum aut et dolorem incidunt provident ut voluptas enim itaque deleniti vero iste nostrum omnis tenetur aut necessitatibus excepturi iste ipsam omnis aliquam sunt accusamus', 9, NULL, 'Molestiae cupiditate asperiores sed eum.', NULL),
(785, NULL, 'Bustos de las Torres_82629.jpg', 'Adipisci qui doloremque voluptas magnam consequatur aliquid architecto quis sunt est consectetur et veritatis quam eaque aut omnis sequi numquam ut doloribus.', 9, NULL, 'Nisi animi illo beatae.', NULL),
(786, NULL, 'Robledo del Barco_72151.jpg', 'Sed alias rem aliquam doloribus illo quidem voluptatem possimus rerum at dolor nesciunt exercitationem culpa consequatur consequatur itaque dolores sit rem sed ut ut.', 9, NULL, 'Eveniet et provident ipsum.', NULL),
(787, NULL, 'Baeza del Pozo_35530.jpg', 'Nihil quia similique doloremque mollitia doloremque est perferendis tempore enim dolorem laudantium beatae quisquam.', 9, NULL, 'Quia neque quia.', NULL),
(788, NULL, 'Alva de las Torres_09942.jpg', 'Enim praesentium similique in esse perferendis magnam magni et possimus voluptate quis quis omnis magni ut et blanditiis consequatur deleniti rem harum officiis aut sapiente eos iure sint ex ipsum et dolorum harum temporibus quibusdam amet.', 9, NULL, 'Non error dolor.', NULL),
(789, NULL, 'Vall Huerta de Arriba_74232.jpg', 'Dolore reiciendis recusandae dolorem repellat unde sed dolor saepe ullam unde culpa autem rerum facere omnis exercitationem numquam sapiente veniam maiores numquam unde.', 9, NULL, 'Dolorem et beatae molestiae corrupti voluptas autem accusamus.', NULL),
(790, NULL, 'Villa Narváez_50792.jpg', 'Distinctio blanditiis cum nostrum fuga temporibus quasi enim vel suscipit cumque iusto adipisci sint commodi non est molestias nihil cum eum non quas nostrum dolor temporibus voluptatem.', 9, NULL, 'Assumenda ipsa soluta in reprehenderit ipsam et est et voluptatem.', NULL),
(791, NULL, 'As Guzmán de Lemos_34132.jpg', 'Magni voluptas cum voluptatem suscipit ad voluptates itaque fugit maiores porro nulla ut sint magni sint dolores ut quo reprehenderit ad quisquam voluptas deleniti sit.', 9, NULL, 'Nihil ab consequatur placeat.', NULL),
(792, NULL, 'A Delvalle del Penedès_89276.jpg', 'Magni alias laboriosam quo aperiam expedita quidem perspiciatis est rerum laudantium eos eos vel aut animi voluptatem veniam voluptas sit aut ad aut ut est occaecati deleniti non rerum maiores corporis est maxime quo et architecto exercitationem et velit ', 9, NULL, 'Reprehenderit quaerat aut non est soluta omnis a maiores.', NULL),
(793, NULL, 'Aparicio del Mirador_01219.jpg', 'Quisquam fugit eligendi aut ut et eaque qui earum ut alias enim tempora iusto.', 9, NULL, 'Soluta nisi eaque distinctio tenetur facere.', NULL),
(794, NULL, 'Vall Bravo_41908.jpg', 'Dolores iste dolorem illum qui qui nostrum aut excepturi rerum veritatis commodi error recusandae.', 9, NULL, 'Ut et optio quam corporis.', NULL),
(795, NULL, 'O Loera Medio_22615.jpg', 'Tempore alias et alias impedit autem pariatur sapiente consequatur voluptas repellat deleniti hic sed quo in est asperiores.', 9, NULL, 'Fuga sit.', NULL),
(796, NULL, 'Muñoz de la Sierra_10747.jpg', 'Ut impedit odio ea fugiat fugit repellat autem est nesciunt aut dignissimos et vel omnis quam culpa non assumenda id ea atque consequatur nulla aut minus.', 9, NULL, 'Nisi sunt eos aut voluptate ut eaque dolor aut quis.', NULL),
(797, NULL, 'El Loera_92635.jpg', 'Ipsam et et laborum velit voluptatem quas voluptas rerum eligendi cum maiores harum est modi tempore nulla laborum quia ipsam laudantium quos a est at veniam dignissimos.', 9, NULL, 'Aut et voluptatibus quibusdam cupiditate voluptas ipsum aut officia velit.', NULL),
(798, NULL, 'Las Alfonso_56450.jpg', 'Est commodi beatae eligendi facilis reprehenderit commodi omnis sapiente ut hic.', 9, NULL, 'Illum aliquam dolores.', NULL),
(799, NULL, 'El Arteaga del Vallès_11491.jpg', 'Ipsa impedit nobis animi voluptatem est illo facere aut ut dolorum autem amet molestiae omnis est molestiae ut repellendus doloribus perspiciatis ratione fuga sed dolorum perferendis omnis sit.', 9, NULL, 'Molestias sit qui doloribus id.', NULL),
(800, NULL, 'Los Esparza del Vallès_78490.jpg', 'Consequatur tempora suscipit dolorum autem eum ut vitae.', 9, NULL, 'Veniam enim id et.', NULL),
(801, NULL, 'Los Ibarra de San Pedro_53226.jpg', 'Aut molestiae amet dicta consequatur incidunt et dignissimos blanditiis ab beatae ut veniam excepturi aliquam et molestiae iste rerum unde est recusandae nihil dolorem sit neque.', 9, NULL, 'Deleniti ab nulla voluptas nulla.', NULL),
(802, NULL, 'Alba del Vallès_91697.jpg', 'Doloremque inventore suscipit repellendus sed in cum dolor blanditiis dignissimos occaecati amet expedita ipsa blanditiis exercitationem dolorem qui quia ratione esse eos id iure similique cum.', 9, NULL, 'Saepe nulla aspernatur.', NULL),
(803, NULL, 'Frías Baja_63586.jpg', 'In sed dolore alias pariatur sit qui corporis aut odit et.', 9, NULL, 'Itaque aut aliquid perspiciatis cupiditate non odio beatae doloribus.', NULL),
(804, NULL, 'Vall Rueda_74682.jpg', 'Omnis impedit repudiandae doloribus similique mollitia illo ipsum assumenda voluptas quam inventore nemo cumque.', 9, NULL, 'Soluta ad tenetur possimus magnam.', NULL),
(805, NULL, 'El Terán de Lemos_45537.jpg', 'Consequatur alias delectus nostrum sit fugit enim ea in qui dolorem dolorem dolor.', 9, NULL, 'Voluptas beatae autem.', NULL),
(806, NULL, 'Los Caro_34773.jpg', 'Quas quis illum reiciendis magnam cum et in earum impedit et dolor praesentium dolores ut pariatur reiciendis totam hic quia cum et omnis harum a aut.', 9, NULL, 'Quas consequuntur quia eligendi.', NULL),
(807, NULL, 'San Jurado del Mirador_20261.jpg', 'Aut nam vitae accusamus laboriosam sunt nobis quis quisquam reiciendis id consequatur reiciendis cum in architecto architecto doloribus qui et hic eaque.', 9, NULL, 'Deleniti ipsam quos aliquam velit aut perferendis error error.', NULL),
(808, NULL, 'Medina del Mirador_97527.jpg', 'Mollitia soluta minus dolorem consequatur non qui vitae consequuntur cupiditate libero hic iure officiis atque nemo doloribus animi ut iste et deleniti et vel et laborum id ipsa accusamus maxime non quae.', 9, NULL, 'Et magnam facere alias doloribus voluptatem et sint ratione.', NULL),
(809, NULL, 'L'' Cavazos del Vallès_92424.jpg', 'Perferendis et ipsa nesciunt ratione nemo tempore nulla quam et illo corporis est deserunt ratione nam vel et asperiores quis non unde ducimus omnis amet unde dicta corrupti dolorem odit.', 10, NULL, 'Recusandae illo.', NULL),
(810, NULL, 'San Jiménez_31262.jpg', 'Hic necessitatibus libero vitae itaque expedita unde explicabo nobis ullam perferendis ducimus omnis nesciunt omnis tempore molestiae porro.', 10, NULL, 'Quibusdam debitis laboriosam cumque aperiam deleniti laborum ut.', NULL),
(811, NULL, 'Pichardo de Ulla_11994.jpg', 'Est ex sapiente labore sequi voluptatem dolorem aut dolore et nostrum est culpa aut minus nihil aut exercitationem sunt.', 10, NULL, 'Eligendi numquam est sequi sit occaecati omnis cum error sunt itaque.', NULL),
(812, NULL, 'Vall Aparicio_57169.jpg', 'Corporis perspiciatis dignissimos occaecati velit ut quasi necessitatibus et quas quae mollitia culpa corrupti reiciendis unde quis vel.', 10, NULL, 'Et incidunt qui.', NULL),
(813, NULL, 'As Fernández_49804.jpg', 'Vel optio explicabo veritatis nihil magnam deserunt sed beatae cupiditate nemo ipsam provident reiciendis voluptatem minima.', 10, NULL, 'Amet atque voluptas quia quia accusamus ipsum.', NULL),
(814, NULL, 'Os Viera_83382.jpg', 'Sed architecto eum quidem quis sequi ut quaerat nisi excepturi ullam ex aut dolor quam sit in voluptas sunt autem deleniti provident.', 10, NULL, 'Aut minus necessitatibus.', NULL),
(815, NULL, 'Castellanos del Pozo_85773.jpg', 'Nemo ipsam molestiae et repudiandae dolore rem cupiditate vitae aut qui repudiandae in officiis minima perferendis cupiditate et debitis sed explicabo nihil reprehenderit facilis omnis mollitia.', 10, NULL, 'Adipisci omnis omnis sapiente.', NULL),
(816, NULL, 'A Montez del Puerto_55023.jpg', 'Aliquam provident eum accusamus ut quidem enim minima impedit enim quia adipisci et et accusantium voluptates repudiandae quae ut culpa vitae saepe eaque id enim quis voluptate quasi doloremque nemo impedit ut velit.', 10, NULL, 'Qui.', NULL),
(817, NULL, 'Perales de San Pedro_03748.jpg', 'Et nobis aut est non nobis sed quo corrupti necessitatibus suscipit minima aut est at a voluptas id libero eum eum dolore consequuntur repellendus laborum nulla accusantium omnis quis incidunt veniam est nulla.', 10, NULL, 'Iure et itaque accusantium.', NULL),
(818, NULL, 'Bravo de la Sierra_64876.jpg', 'Tempore ipsam provident optio dicta qui beatae accusamus magni tempora autem optio dignissimos doloremque omnis quae necessitatibus iste mollitia voluptas maiores sequi commodi blanditiis et veritatis neque aut voluptas nihil debitis ut.', 10, NULL, 'Aut fugiat et aliquid.', NULL),
(819, NULL, 'Los Rael del Mirador_36526.jpg', 'Aut et dolor non voluptas ducimus placeat commodi aliquid dolorem maiores consequuntur in tenetur possimus ad vitae rem ut est sequi nulla ullam minus quia odio magni ut tenetur officia.', 10, NULL, 'Consequuntur at.', NULL),
(820, NULL, 'Vall Jasso_39981.jpg', 'Eos blanditiis et cupiditate error expedita ipsa et eius dolor quidem amet et minima voluptas qui vero id dolores ut rerum asperiores aperiam eveniet accusamus vero reiciendis quasi fugit dolore debitis cumque aut sequi.', 10, NULL, 'Eos repudiandae consequatur voluptatem dolor.', NULL),
(821, NULL, 'San Gastélum del Pozo_62322.jpg', 'Fuga sunt autem natus laudantium aut omnis beatae error sint explicabo quae temporibus voluptatum provident est nisi ut accusantium dolores aliquid eum facilis est dolorem provident culpa omnis nostrum voluptatem sed nobis deserunt velit deserunt atque as', 10, NULL, 'Rem qui rerum qui possimus maxime ut aut.', NULL),
(822, NULL, 'O Moral_32735.jpg', 'Animi ipsam vel doloribus totam qui odio totam sed nisi.', 10, NULL, 'Et nisi.', NULL),
(823, NULL, 'San Roybal_56690.jpg', 'Ad nihil est ab molestiae sit voluptatibus odit ex ab maiores repellendus accusantium quasi nisi iusto voluptatem sit inventore qui.', 10, NULL, 'Corporis consequatur natus rerum consequatur asperiores vitae quia quod et aliquid impedit.', NULL),
(824, NULL, 'El Morales_94650.jpg', 'Cum officia dolorem reprehenderit quasi nulla ullam cupiditate ducimus est similique neque consequatur ut dolor atque saepe veniam laborum similique aut.', 10, NULL, 'Voluptas voluptatibus aliquam nam.', NULL),
(825, NULL, 'Vall Valenzuela Alta_23566.jpg', 'Veniam necessitatibus repellat libero eos et reprehenderit sapiente tempora recusandae nihil nemo est sit voluptatem aut.', 10, NULL, 'Aut accusamus quibusdam est ut consequatur.', NULL),
(826, NULL, 'Villa Narváez Medio_13564.jpg', 'Ipsam iusto quos et vel dolorem voluptatem provident iste natus commodi vel molestiae.', 10, NULL, 'Quia et sit debitis nostrum est.', NULL),
(827, NULL, 'O Simón del Pozo_02422.jpg', 'Suscipit qui veniam cupiditate repellendus ut voluptas eaque consequuntur dolorem delectus aliquam et odio commodi et voluptas maiores et et deserunt sunt quasi enim.', 10, NULL, 'Dolorum qui nostrum.', NULL),
(828, NULL, 'O Santana del Bages_80071.jpg', 'Aspernatur quaerat quia voluptatibus sunt facilis aliquam consequatur exercitationem aut eaque cum deleniti voluptatem veritatis dolorum sit architecto est sed iste corporis sit nam magnam sed sint temporibus sit et ut dignissimos ea quia.', 10, NULL, 'Repellendus sit expedita.', NULL),
(829, NULL, 'Vall Monroy_33775.jpg', 'Corporis consectetur quia quo nihil et facilis velit est ut et laboriosam aut repudiandae porro voluptas sequi nihil libero fugiat atque beatae.', 10, NULL, 'Quo alias quo alias vitae.', NULL),
(830, NULL, 'Os Feliciano del Bages_19970.jpg', 'Et dignissimos et recusandae voluptas quia eligendi voluptatem non iure officiis voluptatem blanditiis harum asperiores quidem reprehenderit exercitationem natus nesciunt aut libero autem similique quia impedit doloremque consequuntur quo.', 10, NULL, 'Dolorem eum esse voluptate vitae ad quidem.', NULL),
(831, NULL, 'L'' Vélez del Vallès_55836.jpg', 'Eum quis voluptas qui placeat et qui quia numquam dignissimos unde nemo debitis saepe qui natus ipsum laborum eveniet nobis omnis ullam et.', 10, NULL, 'Nesciunt est neque rerum.', NULL),
(832, NULL, 'L'' Menéndez del Pozo_38185.jpg', 'Expedita doloribus voluptatem reprehenderit natus libero voluptatem odit eos dicta sed sint incidunt libero distinctio tenetur dicta iusto doloremque nostrum omnis qui aut ea aspernatur hic eos.', 10, NULL, 'Consectetur amet repellat rerum ad.', NULL),
(833, NULL, 'Os Solorio del Mirador_39674.jpg', 'Quam et nobis quam itaque magnam autem nam nam ipsa atque illum omnis rerum natus officiis quas numquam similique similique fugiat ea itaque veniam consequatur ut.', 10, NULL, 'Dolorem perspiciatis molestiae eveniet sed consequatur facere eos atque quod saepe tempora.', NULL),
(834, NULL, 'Las Angulo del Bages_79809.jpg', 'Earum officiis quasi voluptatibus officia quibusdam tempore quia iusto tempore aut eligendi et magni ut maxime.', 10, NULL, 'Et reiciendis repellendus sequi.', NULL),
(835, NULL, 'Gamez de la Sierra_38821.jpg', 'Fuga ut fugit nihil mollitia animi laborum ea nobis id facere sint qui cum quasi iure.', 10, NULL, 'Sed at praesentium sit officiis.', NULL),
(836, NULL, 'San Tejeda_02103.jpg', 'Omnis dolores nisi distinctio est aperiam sit maxime magnam iusto qui ea sed.', 10, NULL, 'Sit tempore aut est similique optio delectus qui provident quia quam officia.', NULL),
(837, NULL, 'La Meza_49182.jpg', 'Est blanditiis hic dolores aliquam ut sapiente et nisi dolorem ratione ratione consequuntur sunt rerum veritatis dolorum odio deleniti dolores esse perspiciatis ab nihil fugiat nemo esse numquam molestiae voluptatem magni quia fuga vero unde.', 10, NULL, 'Perspiciatis dolor qui ducimus est recusandae.', NULL),
(838, NULL, 'Las Herrero_10621.jpg', 'Neque ab sit dignissimos illo nobis qui et eum temporibus et quia.', 10, NULL, 'Ut aut recusandae est excepturi vero.', NULL),
(839, NULL, 'Vall Polanco del Barco_87385.jpg', 'Deserunt sit voluptatem quis et ea qui porro in animi nobis et rerum.', 10, NULL, 'Consequatur.', NULL),
(840, NULL, 'A Santacruz del Barco_95218.jpg', 'Totam incidunt voluptas ut expedita error nam expedita accusamus minima officiis libero et odit.', 10, NULL, 'Culpa voluptas aliquam dignissimos consequatur fugit.', NULL),
(841, NULL, 'El Vega_91399.jpg', 'Quibusdam unde velit id consequuntur tempora rerum placeat alias laboriosam dolore vel minima fugit.', 10, NULL, 'Qui dignissimos voluptatem.', NULL),
(842, NULL, 'Benítez Alta_22406.jpg', 'Itaque deserunt earum nihil numquam iusto voluptates unde error rerum modi nesciunt nesciunt minima ut non.', 10, NULL, 'Excepturi commodi distinctio quod quis.', NULL),
(843, NULL, 'A Ojeda del Penedès_30030.jpg', 'Alias molestiae sed veniam temporibus ex aperiam enim non quaerat vitae eum atque debitis quam placeat consequatur ut consequatur minima sed autem quia maiores recusandae numquam enim dolorum explicabo sed minus facere et et modi quisquam sit ut provident', 10, NULL, 'Odit tempore et commodi.', NULL),
(844, NULL, 'L'' Macías Alta_92875.jpg', 'Aut tempore eum est est odio est qui vitae iusto sapiente deserunt qui architecto iste quaerat exercitationem pariatur aut repudiandae molestiae nulla similique officia dolores magni itaque distinctio alias sapiente ad voluptatum ea quaerat quo dolorem ev', 11, NULL, 'Iure ut autem fuga occaecati qui velit quis culpa quo.', NULL),
(845, NULL, 'La Lovato_75668.jpg', 'Ex aut vel distinctio quam laudantium at quam ut qui est labore omnis facilis aut expedita beatae possimus sit temporibus aspernatur harum ipsa possimus consequatur consectetur ut dolores laborum qui culpa.', 11, NULL, 'Doloribus fugit.', NULL),
(846, NULL, 'Briseño del Bages_35200.jpg', 'Quisquam nam reiciendis totam molestiae et quas eos expedita vel est id odit distinctio soluta sunt rerum suscipit consectetur nihil ullam.', 11, NULL, 'Minima repudiandae eius tenetur.', NULL),
(847, NULL, 'El Cabello_21092.jpg', 'Quod laudantium earum iusto soluta voluptatum sunt et dolores ab doloremque dolor aut eligendi nemo.', 11, NULL, 'Molestiae quia.', NULL),
(848, NULL, 'Navarro Baja_69592.jpg', 'Qui commodi molestiae sunt laborum omnis voluptatibus in error qui alias aut accusantium distinctio fuga dolore at iure.', 11, NULL, 'Non qui nihil fugit voluptatem.', NULL),
(849, NULL, 'As Menéndez del Pozo_69090.jpg', 'Qui quis voluptates dolores tempore cumque quo sequi error fugiat non facere cumque dolorem voluptatem alias aut reiciendis quisquam.', 11, NULL, 'Quas et rerum est soluta eos in eum temporibus voluptatibus id.', NULL),
(850, NULL, 'Pulido del Penedès_38931.jpg', 'Qui maxime deserunt amet rem quos facilis eligendi blanditiis quos vero dolorum nemo officiis commodi ducimus sint nulla.', 11, NULL, 'Qui enim est assumenda rerum.', NULL),
(851, NULL, 'Castro de las Torres_09594.jpg', 'Non possimus qui odio quis soluta eligendi id odio libero explicabo quibusdam neque sit saepe sit et nesciunt.', 11, NULL, 'Autem et cum cum et exercitationem maiores sit minus.', NULL),
(852, NULL, 'La Rosario_13272.jpg', 'Consectetur harum incidunt voluptas eum consequuntur totam id corrupti non aut velit rem eaque sint reiciendis velit vel ad explicabo voluptatibus.', 11, NULL, 'Cupiditate dicta perspiciatis dolorum.', NULL),
(853, NULL, 'Altamirano del Barco_07734.jpg', 'Hic aut et et nihil sequi quia non velit ipsa esse enim quibusdam autem voluptatem quae.', 11, NULL, 'Consequuntur beatae sapiente ut odio libero.', NULL),
(854, NULL, 'L'' Bétancourt Alta_21166.jpg', 'Quo ea doloribus facilis deleniti incidunt ab aut quasi voluptate qui labore aut asperiores pariatur error minima dolore ut dignissimos et temporibus velit qui voluptatibus perferendis enim repudiandae.', 11, NULL, 'Illum non cum aliquid quia dolores.', NULL),
(855, NULL, 'Los Calderón_00676.jpg', 'Voluptatem aut sapiente et dolores et quia cumque beatae laborum veritatis iusto molestiae odio.', 11, NULL, 'Eius dolores enim doloremque qui fugiat aliquid.', NULL),
(856, NULL, 'Fernández del Mirador_57358.jpg', 'Aliquid quo numquam dolores quia perspiciatis quia voluptatibus eius sit temporibus ratione veritatis sed ab qui molestias a quo necessitatibus sint accusamus sint.', 11, NULL, 'Hic rerum in saepe porro deserunt et.', NULL),
(857, NULL, 'Urbina de la Sierra_67578.jpg', 'Enim rem animi quia ipsam tempora aut quo odit sequi quos et dolorem omnis itaque quo voluptatibus et temporibus qui sed ullam aut quas.', 11, NULL, 'Quod qui.', NULL),
(858, NULL, 'Verdugo de Arriba_60417.jpg', 'Inventore facilis molestias accusantium ipsam officiis rem voluptates perferendis placeat est voluptatum omnis temporibus aut laboriosam sequi consectetur quo odit accusantium et harum in eum qui non soluta quasi inventore qui quia ut possimus in et at is', 11, NULL, 'Eius est tenetur voluptas inventore exercitationem.', NULL),
(859, NULL, 'Os Cazares_38019.jpg', 'Perferendis optio qui aut quam et quo voluptatem in animi cupiditate aut voluptas est est quia numquam nemo in optio repellat voluptatibus illo eius eligendi non molestiae magni voluptatem.', 11, NULL, 'Voluptatibus sunt quis fugiat dicta quod sit consequatur odit minima.', NULL),
(860, NULL, 'Villa Candelaria_77005.jpg', 'Et commodi corporis reiciendis quis cum expedita voluptatum quam accusantium repellendus est et enim illo pariatur ad unde in molestiae repudiandae ea quaerat.', 11, NULL, 'Cumque facere quis animi voluptatem ipsum.', NULL),
(861, NULL, 'O Burgos_60599.jpg', 'Facilis enim culpa molestiae in amet quo a quae pariatur odit qui consequuntur ab rerum et soluta illo consequatur.', 11, NULL, 'Aut unde eius quasi.', NULL),
(862, NULL, 'Os Almaraz de las Torres_04001.jpg', 'Exercitationem earum nihil saepe odit modi aut blanditiis rerum vitae asperiores aut nulla eum eum voluptatem qui alias non porro hic non soluta dolor eius incidunt ut dolor illum expedita sunt non maxime nesciunt vel voluptatibus et rerum quaerat sapient', 11, NULL, 'Fugiat iure laborum rerum id sint et.', NULL),
(863, NULL, 'A Carreón del Vallès_30236.jpg', 'Qui quia ex et ipsa expedita adipisci nulla aut vero qui delectus non iure cum qui nostrum aut saepe quas aspernatur.', 11, NULL, 'Est laudantium et in impedit sint.', NULL),
(864, NULL, 'Villa Lucas de Arriba_64853.jpg', 'Sunt ullam unde iusto soluta modi odit consectetur labore tenetur dignissimos est ipsam earum cum ipsum vel dolores et blanditiis id fugiat ut voluptas laboriosam praesentium.', 11, NULL, 'Quos natus.', NULL),
(865, NULL, 'O Herrero_20800.jpg', 'Omnis facilis dolor fugiat ut incidunt sed aut voluptas ipsam dolore quos distinctio possimus sed maiores sit quaerat sunt sed aperiam eius quo sint et id est ut molestiae unde quasi et ipsum aut eius quaerat vitae quidem exercitationem nobis debitis mini', 11, NULL, 'Vitae nostrum nostrum corrupti vitae asperiores voluptatem sit et doloremque est alias.', NULL),
(866, NULL, 'As Osorio_29267.jpg', 'Nisi officiis dicta aliquam magnam cumque odit quis neque aut voluptas non cupiditate voluptatem.', 11, NULL, 'Rem aliquam ullam sint.', NULL),
(867, NULL, 'Villa Montes de Ulla_88290.jpg', 'Voluptatem molestiae beatae laboriosam soluta nulla quis voluptas a dolores nostrum voluptatem libero ut eveniet quos cumque consequuntur consequatur aut tempora porro ut suscipit dolorem reiciendis.', 11, NULL, 'Fuga rerum est aliquid.', NULL),
(868, NULL, 'Os Beltrán de Lemos_04358.jpg', 'Ratione non aut aut quo officia et necessitatibus et et pariatur.', 11, NULL, 'At quia maxime in velit aliquid similique.', NULL),
(869, NULL, 'San Rael_83748.jpg', 'Qui autem corporis tempora aut repellat voluptas laboriosam ut eum quos cupiditate.', 11, NULL, 'Ut fugit facere accusantium est molestiae voluptas ipsa et possimus.', NULL),
(870, NULL, 'As Villa de las Torres_13193.jpg', 'Nihil rem perspiciatis qui at odio sit necessitatibus rem vel perferendis quos qui ut est ut est est placeat et officiis velit omnis aperiam vero explicabo et eum dolorem similique fugiat officia eligendi architecto.', 11, NULL, 'Et est.', NULL),
(871, NULL, 'L'' Sanabria_86954.jpg', 'Et modi quia mollitia ea aut ut magnam reiciendis qui odit dolore qui nam non velit error dolorem in.', 11, NULL, 'Rerum voluptatem incidunt saepe consequatur.', NULL),
(872, NULL, 'Guerrero Alta_79173.jpg', 'Voluptatem est tenetur eum eius aspernatur nobis ullam ducimus non repellendus qui non deserunt quos enim deleniti laboriosam dolor unde distinctio veniam.', 11, NULL, 'Eaque maxime quo nemo accusamus et magni eos quaerat aut.', NULL),
(873, NULL, 'Os Segovia del Barco_48457.jpg', 'Consequatur quos minima debitis veritatis est quis est repellat.', 11, NULL, 'Perspiciatis saepe architecto consequatur perferendis sed blanditiis modi.', NULL),
(874, NULL, 'Maya de Ulla_43047.jpg', 'Ut corporis qui quia sint dolorum cumque consequuntur ipsa temporibus cupiditate quia qui at in.', 11, NULL, 'Aut repellat.', NULL),
(875, NULL, 'Las Cintrón_79141.jpg', 'Non alias praesentium facere ipsa quidem minima sunt odit dolore reprehenderit cumque illo.', 11, NULL, 'Architecto eum.', NULL),
(876, NULL, 'El Polo_89500.jpg', 'Enim sed soluta veritatis consectetur fuga sunt maxime totam itaque unde ab culpa dolor dolorum iure amet rerum quia unde culpa nesciunt labore et eos autem aliquam mollitia molestiae.', 11, NULL, 'Libero omnis laboriosam accusamus voluptatem quia inventore non iusto esse.', NULL),
(877, NULL, 'L'' Alvarado Alta_01150.jpg', 'Et culpa ipsam eum autem optio facilis placeat illo at id officia pariatur quisquam et doloribus mollitia asperiores voluptas qui sed.', 11, NULL, 'Fugiat.', NULL),
(878, NULL, 'Guajardo de Ulla_11080.jpg', 'Sunt quia qui voluptas doloribus ea et voluptatibus sit dolor sunt veniam consectetur consequatur eaque est reprehenderit sed dolore quae velit.', 11, NULL, 'Tempora ipsa.', NULL),
(879, NULL, 'A Castro del Barco_46156.jpg', 'Eveniet est sunt est quasi optio nisi quae sequi inventore aut aut placeat voluptatem aut mollitia consequuntur deserunt enim id qui aut qui sit sit.', 12, NULL, 'Magni dolores saepe totam harum dolor dolorem temporibus rerum.', NULL),
(880, NULL, 'Cuesta del Pozo_76121.jpg', 'Voluptatem eos vitae quisquam aut temporibus aut facere veritatis provident eos ut eos neque amet fugit dolores dignissimos mollitia nostrum ex delectus qui.', 12, NULL, 'Delectus qui facere quia.', NULL),
(881, NULL, 'As Saldivar del Bages_18576.jpg', 'Tempore dicta deserunt dolor et tempora itaque perspiciatis asperiores vitae molestiae inventore quas optio aut similique et voluptas consequuntur commodi.', 12, NULL, 'Iure.', NULL),
(882, NULL, 'Tafoya de la Sierra_61795.jpg', 'Dolorum vero autem cumque aperiam minus rerum itaque nemo reiciendis et sit natus illo omnis odio aut harum ut quae iste et mollitia eum hic et.', 12, NULL, 'Eos odit non.', NULL),
(883, NULL, 'Los Simón Alta_94979.jpg', 'Atque officiis non voluptatibus molestiae reiciendis ipsam vero est vel occaecati et dolor perspiciatis odit magnam est consequatur consequatur quas aspernatur distinctio qui.', 12, NULL, 'Eos exercitationem est mollitia molestias a est voluptatem non molestias laudantium.', NULL),
(884, NULL, 'Galán de Ulla_10416.jpg', 'Saepe dolorem pariatur dolorum voluptate numquam voluptate quidem blanditiis impedit nobis explicabo porro dolores blanditiis vel voluptas vero quis occaecati ut dolor vero dolor unde sunt mollitia omnis esse vitae accusamus repellendus consequatur porro ', 12, NULL, 'Laudantium minus qui et dolorem non.', NULL),
(885, NULL, 'Carrasco del Penedès_99112.jpg', 'Omnis necessitatibus dolor quod ullam et quis quo autem autem sint animi maiores sapiente quisquam voluptatem doloribus distinctio sunt recusandae et eligendi voluptas.', 12, NULL, 'Eligendi et ut voluptatem hic quia iure sit ut.', NULL),
(886, NULL, 'A Santos del Penedès_44057.jpg', 'Et dolorem deserunt est et aut praesentium eligendi alias consequatur aut aut id vel rerum quam rerum.', 12, NULL, 'Modi odit commodi iusto.', NULL),
(887, NULL, 'As Quiñones de Arriba_02384.jpg', 'Et vel ad natus est reiciendis enim non esse sed asperiores est nihil perferendis impedit dolorem molestias.', 12, NULL, 'Sunt at nobis dolorem aut ut iusto et quisquam.', NULL),
(888, NULL, 'El Ocasio_11658.jpg', 'A harum qui culpa placeat quae fugiat delectus aspernatur recusandae voluptas dignissimos dolores enim ex odit totam tempora distinctio beatae voluptatibus aut aut voluptatem eum in.', 12, NULL, 'Sit.', NULL),
(889, NULL, 'Villanueva de Lemos_23018.jpg', 'Similique laboriosam minus quo repudiandae repudiandae quisquam animi.', 12, NULL, 'Veritatis voluptatem distinctio et facere consequuntur dolor quos.', NULL),
(890, NULL, 'Vergara Baja_56776.jpg', 'Blanditiis amet quo harum ratione molestiae non aperiam sit et fugit.', 12, NULL, 'Non libero qui deserunt blanditiis.', NULL),
(891, NULL, 'Rodarte de San Pedro_16312.jpg', 'Consectetur eum dolorum delectus enim ullam eos repellendus tempora similique qui libero ut.', 12, NULL, 'Qui consequatur rerum laboriosam consectetur qui quam.', NULL),
(892, NULL, 'Font de Arriba_20439.jpg', 'Nam est soluta occaecati enim quidem perferendis eius in iusto corporis quisquam est ea non aut inventore.', 12, NULL, 'Neque necessitatibus et soluta facilis ex rerum.', NULL),
(893, NULL, 'Villa Benítez_62122.jpg', 'Blanditiis dolorum quis asperiores est voluptatem nostrum magnam possimus et sequi sed sint aut sapiente iusto ex at.', 12, NULL, 'Sed accusamus.', NULL),
(894, NULL, 'Acosta de la Sierra_96654.jpg', 'Aliquid eos ullam excepturi fugit officia perferendis voluptas perspiciatis provident rerum nisi quisquam debitis.', 12, NULL, 'Et omnis voluptate.', NULL),
(895, NULL, 'Beltrán de las Torres_66896.jpg', 'Veniam sed vero aut eligendi magni eveniet aut eaque voluptatibus ab accusantium assumenda rerum debitis impedit doloribus minus aut eos optio ut vel eos accusantium quidem id consequatur aut dicta minus fuga quaerat aut eum vero dicta et rem voluptatem s', 12, NULL, 'Esse in.', NULL),
(896, NULL, 'Grijalva Medio_11733.jpg', 'Harum optio aut pariatur magni omnis numquam quasi distinctio incidunt non sit cumque officia consequuntur omnis harum ad tempora sed dignissimos nobis nisi cum velit consectetur vitae ea saepe tempore.', 12, NULL, 'Ea ut fuga enim hic odio eaque sunt.', NULL),
(897, NULL, 'O Luján_56491.jpg', 'Hic sunt esse suscipit velit unde quia rem ipsam voluptatem qui beatae inventore temporibus et voluptatem rerum nihil voluptatem.', 12, NULL, 'Aut dolor quo dolorum aspernatur.', NULL),
(898, NULL, 'Suárez de Ulla_86869.jpg', 'Quo aperiam fuga nulla nihil corporis id quasi est non expedita odio ea ipsum tenetur expedita.', 12, NULL, 'Sit natus dolor quisquam.', NULL),
(899, NULL, 'As Uribe_91854.jpg', 'Est facilis qui sunt quidem omnis quo vel alias laborum odio labore et officia consequuntur fugit omnis ab cupiditate qui.', 12, NULL, 'Asperiores voluptatum perferendis repellendus laboriosam architecto.', NULL),
(900, NULL, 'Las Torres de Lemos_64897.jpg', 'Reprehenderit qui tempore nostrum vel nam architecto aliquid commodi debitis culpa qui et esse saepe.', 12, NULL, 'Explicabo dolores est a et eligendi tempore.', NULL),
(901, NULL, 'A Marco Baja_97578.jpg', 'Facere sunt quis molestiae cum ratione quo quam qui odio incidunt ut sed maxime omnis vel tenetur explicabo illum veritatis laudantium.', 12, NULL, 'Officiis labore.', NULL),
(902, NULL, 'Burgos del Pozo_93782.jpg', 'Nemo tempora cumque qui quibusdam nihil quia repudiandae rem earum corporis iure nam laudantium earum nemo rem hic reprehenderit veniam et eos repellat ut.', 12, NULL, 'Quisquam expedita.', NULL),
(903, NULL, 'Garica de las Torres_33460.jpg', 'Quisquam et laudantium deserunt molestiae aliquid voluptatem dolores id ducimus in nesciunt exercitationem est voluptas distinctio.', 12, NULL, 'Dolores et nobis pariatur excepturi sit.', NULL),
(904, NULL, 'Los Canales_63777.jpg', 'Eligendi quibusdam consectetur asperiores totam maxime mollitia odio nemo dignissimos ut labore consequatur ea quidem veritatis incidunt autem aut aliquid ullam non voluptate voluptatibus fugiat.', 12, NULL, 'Consequatur ut.', NULL),
(905, NULL, 'Las Riera_81481.jpg', 'Similique eligendi est maxime quidem non praesentium numquam quia aliquid molestiae sunt sed aspernatur.', 12, NULL, 'Eligendi quas magni beatae animi.', NULL),
(906, NULL, 'Vall Vázquez del Pozo_05970.jpg', 'Deleniti eos vel illo sapiente consequatur fugiat eaque expedita minima officia et debitis cumque.', 12, NULL, 'Quis unde voluptas ut.', NULL),
(907, NULL, 'Vall Luis Baja_36447.jpg', 'Animi ut sed porro est veniam voluptatem est suscipit et similique nemo tempora soluta aut fuga culpa laborum qui ullam ut sapiente ratione earum cumque est et a adipisci.', 12, NULL, 'Ut ut.', NULL),
(908, NULL, 'Vall Navas del Mirador_40452.jpg', 'Optio aperiam perferendis iste ea et quo dolor eaque vel ratione eum quam molestias dolore delectus velit molestiae architecto ab.', 12, NULL, 'Suscipit molestiae.', NULL),
(909, NULL, 'Vall Escamilla de Arriba_88081.jpg', 'Sequi ducimus repellendus odio ad voluptatem possimus mollitia aut velit cumque unde commodi quos.', 12, NULL, 'Dolorum aspernatur ut nisi ab quia omnis.', NULL),
(910, NULL, 'Armas de Arriba_37098.jpg', 'Nulla saepe odio blanditiis facere tempore itaque voluptatem esse eos sit voluptatem voluptates ipsam voluptas et quae officia quam ad.', 12, NULL, 'Quo sequi praesentium voluptatem pariatur maiores velit eum.', NULL),
(911, NULL, 'Collado del Vallès_51895.jpg', 'Fugiat tenetur quia rem omnis iure voluptatum cupiditate blanditiis praesentium.', 12, NULL, 'Rerum omnis ducimus quidem voluptatem rerum ut reiciendis.', NULL),
(912, NULL, 'O Galván_01675.jpg', 'Qui expedita ea temporibus fuga possimus voluptate iste sunt quo id minima voluptatem sit quo accusamus maxime eveniet nihil quo saepe ut tenetur et ut odit quibusdam.', 12, NULL, 'Ea eligendi magnam quo quo occaecati quia sunt voluptas delectus aut.', NULL),
(913, NULL, 'A Esquibel de Arriba_75892.jpg', 'Recusandae asperiores fuga ipsa omnis error voluptatibus voluptatem rerum sed sed qui adipisci eligendi consequatur itaque ut quisquam sequi quae accusamus.', 12, NULL, 'Et sed maxime sunt et veniam et minus.', NULL),
(914, NULL, 'Madrigal del Vallès_53787.jpg', 'Itaque quidem quaerat et repudiandae aliquam iste esse iusto maiores quia optio vero magni.', 13, NULL, 'Accusamus rerum ex sint nostrum et voluptatibus tempora fugit laboriosam repudiandae necessitatibus eius.', NULL),
(915, NULL, 'Os Dávila_27962.jpg', 'Consequatur itaque aut et vel iusto unde quisquam perspiciatis accusamus ipsum aperiam nostrum et sit porro sit dolorem voluptatem fugiat sed dolor omnis quae perspiciatis aut eaque.', 13, NULL, 'Id totam quia iste sunt.', NULL),
(916, NULL, 'Plaza del Puerto_25454.jpg', 'Eos facere amet aut et animi necessitatibus illum ex quis facere iure quia cum inventore itaque qui est.', 13, NULL, 'Consequatur repellendus quos sunt amet.', NULL),
(917, NULL, 'Cazares de San Pedro_56431.jpg', 'Optio sunt quam pariatur asperiores velit distinctio quisquam consequatur mollitia qui in aspernatur est provident nisi quisquam hic molestiae voluptas eos nisi dignissimos officia quis ut quidem.', 13, NULL, 'Voluptas qui quia officia quam.', NULL),
(918, NULL, 'L'' Valles_44738.jpg', 'Dicta praesentium eos velit eaque et praesentium explicabo delectus.', 13, NULL, 'Possimus quo similique ad.', NULL),
(919, NULL, 'O Pantoja de las Torres_93514.jpg', 'Id tenetur iusto reprehenderit qui blanditiis quae repellendus ut non et quia consequatur similique optio laborum laboriosam voluptas eius.', 13, NULL, 'Omnis esse et et enim et soluta quis.', NULL),
(920, NULL, 'As Ponce del Penedès_50451.jpg', 'Consequatur facilis quisquam qui vero optio sit possimus temporibus atque beatae voluptatem aspernatur velit ad aut voluptatem sapiente alias qui dolor autem ut illum vel.', 13, NULL, 'Beatae est incidunt quas labore facere.', NULL);
INSERT INTO `mapa` (`id`, `imagen`, `enlace`, `descripcion`, `profesor_id`, `audio`, `titulo`, `enlace_audio`) VALUES
(921, NULL, 'O Farías_78866.jpg', 'Atque nobis animi nemo animi similique amet quae similique voluptatem sed quibusdam aut minima necessitatibus eius vel.', 13, NULL, 'Et.', NULL),
(922, NULL, 'Aragón de San Pedro_19622.jpg', 'Voluptas rerum in molestiae aut quia corrupti pariatur et voluptas odit itaque voluptate impedit nesciunt nam et molestiae cumque quos et maxime rem eveniet.', 13, NULL, 'Distinctio consequuntur consequatur ut dolore dolores sapiente.', NULL),
(923, NULL, 'Las Carbajal del Mirador_96960.jpg', 'Sapiente sunt error aliquid inventore quas accusamus totam et laborum ut quia libero et aliquam quia voluptas nam rerum qui in ullam id deleniti non necessitatibus reiciendis tempore cum est quibusdam incidunt cumque fuga distinctio possimus expedita aut ', 13, NULL, 'Et sed est ut omnis ut ut.', NULL),
(924, NULL, 'Los Ramos Alta_94220.jpg', 'Magnam sint exercitationem velit sit vel at rerum est et nisi expedita ea quia occaecati nobis pariatur et facere nostrum porro ipsam ratione soluta aut eos qui quia laborum.', 13, NULL, 'Sed aspernatur quo.', NULL),
(925, NULL, 'Esteban Baja_46952.jpg', 'Numquam dicta consequatur expedita beatae quas nisi perspiciatis dolores pariatur sapiente aut omnis molestiae totam veniam omnis doloribus eum deserunt qui doloribus excepturi.', 13, NULL, 'Ad quae provident vitae itaque nihil illum.', NULL),
(926, NULL, 'Vall Llorente_22637.jpg', 'Saepe provident harum aut sequi aut et officiis accusantium velit dignissimos quis velit debitis distinctio ut velit accusantium maiores eos accusamus cupiditate aperiam accusantium atque placeat est voluptatem quos veniam ex culpa est incidunt tempora nu', 13, NULL, 'Repellat.', NULL),
(927, NULL, 'O Rico del Puerto_95311.jpg', 'Harum nesciunt consectetur maiores aut pariatur et qui consequatur quos rerum ea cupiditate aut vel aut vero suscipit commodi omnis impedit dolorem ut rerum numquam voluptates qui dolor qui voluptatem optio voluptates.', 13, NULL, 'Sit sed molestiae deleniti sit quia.', NULL),
(928, NULL, 'Partida de Lemos_80550.jpg', 'Molestiae accusamus voluptatem aut possimus laborum aut magnam quia assumenda dicta molestiae sed error ratione et enim expedita sit.', 13, NULL, 'Et qui molestiae placeat tempora aut beatae officia laboriosam minus quos.', NULL),
(929, NULL, 'Pereira Alta_34824.jpg', 'Aperiam porro sed voluptas omnis optio placeat laudantium provident eos dolores sed laudantium exercitationem aspernatur cumque doloribus voluptate deserunt delectus nostrum maxime laborum.', 13, NULL, 'Vel itaque nobis reiciendis in labore et perspiciatis.', NULL),
(930, NULL, 'Los Izquierdo Baja_46644.jpg', 'Sint rem accusamus nesciunt dolore similique officia in nihil a perferendis et perspiciatis quo ipsa adipisci sit eveniet aut quisquam ut.', 13, NULL, 'Excepturi quis.', NULL),
(931, NULL, 'El Cardona_29917.jpg', 'Dolorem dolor odio vero facilis consequatur et sapiente aliquam nobis maiores totam corrupti.', 13, NULL, 'Sed eum odit ut doloremque maiores.', NULL),
(932, NULL, 'A Villalba_85901.jpg', 'Sapiente molestias aperiam accusamus quisquam similique beatae sed quia et atque doloribus voluptas neque quia quas.', 13, NULL, 'Libero dolorum ut non asperiores quo.', NULL),
(933, NULL, 'Vall Cuevas del Vallès_63709.jpg', 'Harum eveniet sint quaerat dolorem cum quia dignissimos amet velit nesciunt voluptas rerum qui eaque facere est quia aliquid ex explicabo hic modi et distinctio nemo amet at architecto qui necessitatibus animi qui soluta omnis fugiat quaerat est itaque es', 13, NULL, 'Aperiam rem est qui eum.', NULL),
(934, NULL, 'L'' Ulibarri de Ulla_82724.jpg', 'Maiores sint a voluptate ea tenetur natus sint id est vel.', 13, NULL, 'Doloribus dolore modi quia molestiae.', NULL),
(935, NULL, 'Román Baja_43472.jpg', 'Aut quibusdam id voluptas ut sit est non ex et qui nostrum maxime quam facilis et rerum distinctio autem eaque dolor eveniet velit tempore et.', 13, NULL, 'Ut est nemo.', NULL),
(936, NULL, 'San Zúñiga_12395.jpg', 'In nihil voluptatem similique libero omnis autem velit qui facere ipsam dolores molestiae voluptatem quis voluptatem et et quia velit blanditiis voluptas libero fuga sint laboriosam corrupti aut ab sed impedit quae sunt.', 13, NULL, 'Deleniti praesentium delectus nostrum culpa.', NULL),
(937, NULL, 'La Escalante_19014.jpg', 'Quam et qui ipsam et aut laudantium consequuntur omnis tempore hic voluptas est quasi illum nemo et autem qui et aut doloremque veniam.', 13, NULL, 'Optio quae qui.', NULL),
(938, NULL, 'Cuesta del Mirador_59476.jpg', 'Aut dolor expedita placeat et quos excepturi cupiditate odio pariatur.', 13, NULL, 'Voluptas voluptate adipisci quo fugit cum.', NULL),
(939, NULL, 'Villa Gómez_94084.jpg', 'Eius minima perferendis debitis fuga explicabo ipsa quis consequuntur qui.', 13, NULL, 'A sunt autem et dignissimos odit.', NULL),
(940, NULL, 'Lugo del Pozo_73451.jpg', 'Dolor ut laboriosam nostrum deleniti cum rerum possimus temporibus vitae quia cupiditate perferendis et architecto placeat sint.', 13, NULL, 'Ex et ut quo rerum excepturi deleniti aspernatur consequatur.', NULL),
(941, NULL, 'Aparicio del Mirador_87575.jpg', 'Vel occaecati ut autem fugiat voluptatem non ullam et iure quas asperiores et est minima praesentium officia sit et aperiam omnis rerum repellendus beatae natus minus blanditiis.', 13, NULL, 'Dolores at eveniet.', NULL),
(942, NULL, 'L'' Salcido de San Pedro_21699.jpg', 'Aut expedita labore laboriosam est et sit vero necessitatibus illum molestiae molestiae possimus aut odio error adipisci.', 13, NULL, 'Sed molestiae maxime ut omnis cupiditate vitae.', NULL),
(943, NULL, 'Vall Bermúdez del Mirador_21787.jpg', 'Aut repudiandae eveniet itaque aut excepturi cupiditate aliquid deserunt aut vel maiores ex iste quo dolore sint ut placeat.', 13, NULL, 'Quaerat error harum nisi amet nesciunt ut.', NULL),
(944, NULL, 'Las Esquibel_29569.jpg', 'Delectus non libero ut incidunt soluta aut error fugiat et explicabo et.', 13, NULL, 'Culpa quia distinctio.', NULL),
(945, NULL, 'Villa Mares_49616.jpg', 'Hic omnis natus rem blanditiis veniam ut quae minus non in soluta non enim eius facilis.', 13, NULL, 'Voluptatem qui.', NULL),
(946, NULL, 'La Fonseca_48783.jpg', 'Quae est alias sunt in dolores labore nihil placeat iste unde voluptate nobis qui quia vero corrupti odio quo commodi maxime saepe quis nihil ipsa rerum omnis dolorem at sit dicta repellendus ut suscipit ratione sint est voluptate ea consequuntur.', 13, NULL, 'Maxime sunt illum ipsa deleniti.', NULL),
(947, NULL, 'Rascón del Penedès_02960.jpg', 'Expedita placeat distinctio voluptatum aut nemo dolores dolores rerum temporibus voluptate ab neque debitis est beatae repellat quam culpa nulla voluptas odit maiores incidunt et cupiditate reiciendis repellat reprehenderit.', 13, NULL, 'Explicabo itaque placeat eius.', NULL),
(948, NULL, 'Ornelas de la Sierra_35877.jpg', 'Et officiis quidem asperiores voluptas praesentium perspiciatis perspiciatis deserunt aut ea corrupti laboriosam ducimus consequatur rerum.', 13, NULL, 'Est deserunt distinctio.', NULL),
(949, NULL, 'Os Bernal_96129.jpg', 'Tempora eos voluptas voluptate aut quia est maxime eligendi natus aliquam harum quaerat deserunt quod molestias consectetur omnis quos eos atque dolorem facilis ratione.', 14, NULL, 'Qui nemo incidunt perspiciatis qui aspernatur dicta quis.', NULL),
(950, NULL, 'Os Jáquez de San Pedro_54659.jpg', 'Consequatur possimus dolorum temporibus eaque nisi enim qui sit excepturi reprehenderit dicta laudantium est magnam.', 14, NULL, 'Eum dignissimos omnis quo laboriosam eveniet porro.', NULL),
(951, NULL, 'O Cisneros_79954.jpg', 'Distinctio reiciendis exercitationem odit vitae labore soluta dolorem placeat aut soluta.', 14, NULL, 'Repudiandae et assumenda magni est.', NULL),
(952, NULL, 'Lerma del Mirador_27263.jpg', 'Expedita nihil voluptatem dolorem et eligendi aut sunt quaerat unde aut veniam magnam nostrum debitis aliquam in suscipit doloremque quo delectus sapiente non dolore nulla sed sint.', 14, NULL, 'Exercitationem eligendi maiores et ex aut.', NULL),
(953, NULL, 'Centeno del Pozo_14633.jpg', 'Necessitatibus ab facilis doloribus eligendi cumque est vel temporibus voluptatem dolorum veritatis quisquam harum nesciunt quas neque saepe qui omnis assumenda dolorem sit harum ducimus temporibus perferendis et est eum modi dicta non omnis quia.', 14, NULL, 'Eius enim in.', NULL),
(954, NULL, 'A Tejada del Puerto_76389.jpg', 'Qui deserunt exercitationem labore dicta libero et labore.', 14, NULL, 'Adipisci esse reprehenderit inventore.', NULL),
(955, NULL, 'La Gonzales_21631.jpg', 'Ratione molestiae eum reiciendis adipisci quibusdam consequatur rem aut labore accusantium consequatur mollitia voluptatum atque perspiciatis voluptatibus quia officiis labore aperiam id voluptatem voluptatem aspernatur.', 14, NULL, 'Beatae recusandae mollitia.', NULL),
(956, NULL, 'Vall Velásquez del Vallès_81473.jpg', 'Commodi eius consequatur nam quasi possimus commodi cum itaque dicta mollitia minima consequuntur eveniet voluptatem quas ut quia ex sequi dolore commodi labore et accusamus vero.', 14, NULL, 'Iure cumque sint nulla perferendis.', NULL),
(957, NULL, 'As Rodrígez de Lemos_92386.jpg', 'Ex harum quas tenetur aut ipsam aut voluptas sit et nostrum labore delectus vel unde tenetur delectus amet quo neque aut et et voluptas et doloremque molestias.', 14, NULL, 'Nobis cumque earum.', NULL),
(958, NULL, 'Terán del Mirador_54898.jpg', 'Facilis officia aut consectetur sapiente voluptatum velit id aut sapiente incidunt odio ea assumenda non reprehenderit ex vero nostrum non ea dolore id.', 14, NULL, 'Voluptates voluptatem.', NULL),
(959, NULL, 'O Solorzano del Penedès_72172.jpg', 'Vero quibusdam sint inventore rerum adipisci non sunt.', 14, NULL, 'Ea ut pariatur maiores quam qui illo.', NULL),
(960, NULL, 'Vall Tamayo del Penedès_13875.jpg', 'Odit eligendi vero error expedita quas deleniti ut vero voluptate dolorem ut reiciendis odit et dicta odio quae deleniti laborum.', 14, NULL, 'Omnis et qui laboriosam molestiae nobis sit aliquam occaecati.', NULL),
(961, NULL, 'As Caro de Arriba_28148.jpg', 'Ex odit atque magnam quia ut enim sint earum debitis ex similique explicabo impedit.', 14, NULL, 'Consectetur impedit rerum omnis velit sed provident rerum nulla vitae.', NULL),
(962, NULL, 'Peña de la Sierra_54293.jpg', 'Ipsam ut sed fugiat et sit esse in illo.', 14, NULL, 'Est aut quisquam alias quia.', NULL),
(963, NULL, 'A Gamboa_23925.jpg', 'Voluptates laudantium cupiditate minus sunt facilis deleniti sit consequuntur qui laboriosam qui quae ex quia molestias qui iure laborum delectus harum inventore ipsam id aut.', 14, NULL, 'Nulla excepturi.', NULL),
(964, NULL, 'Nava Alta_12354.jpg', 'Soluta molestiae voluptatem aut autem in ut ipsum est sunt vel itaque dolores cumque cumque id laboriosam et soluta illo accusantium animi quis officiis.', 14, NULL, 'Illum dolorem blanditiis.', NULL),
(965, NULL, 'Carrasquillo de las Torres_76780.jpg', 'Praesentium sit est dolores quam ut totam aut corporis occaecati hic est natus est numquam nihil quis ea exercitationem facilis quibusdam sit est deserunt.', 14, NULL, 'Vel ut aut voluptatum et.', NULL),
(966, NULL, 'L'' Luevano Baja_63662.jpg', 'Natus eaque iusto eum dolore et accusamus qui nihil explicabo aut.', 14, NULL, 'Laborum quibusdam provident.', NULL),
(967, NULL, 'Carrasquillo de Ulla_65213.jpg', 'Totam consequatur vero perferendis a numquam nihil esse nostrum voluptatem impedit inventore veniam labore voluptatem eum provident recusandae est nobis animi doloremque minima maxime soluta hic error.', 14, NULL, 'Quia totam in delectus et atque nisi reprehenderit accusantium consequuntur velit.', NULL),
(968, NULL, 'Vall Balderas del Puerto_96054.jpg', 'Facere numquam officia deserunt beatae dolorum sapiente rem fugit quia ut in et nemo quia libero nulla perspiciatis.', 14, NULL, 'Odit impedit deleniti.', NULL),
(969, NULL, 'Rendón de Arriba_34352.jpg', 'Quia quo velit eum esse doloribus modi porro omnis deserunt quas sed ipsum et sit ea autem quos odit error mollitia accusamus voluptatem quod amet ipsum et.', 14, NULL, 'Tempore autem.', NULL),
(970, NULL, 'San Robles_09451.jpg', 'Mollitia aut sed reprehenderit id fuga ut est amet ipsum nihil deserunt dolore quis voluptatem maxime dignissimos aut ut necessitatibus voluptas numquam sit cumque magni saepe.', 14, NULL, 'Dignissimos qui ipsum est.', NULL),
(971, NULL, 'L'' Bahena del Barco_42592.jpg', 'Provident sunt veniam aut eos non non dicta ea autem placeat quia et culpa sequi tempora suscipit in occaecati sit nulla quia minima est explicabo consectetur voluptatem consequatur suscipit fugit.', 14, NULL, 'Eos blanditiis.', NULL),
(972, NULL, 'Briseño del Penedès_03518.jpg', 'Voluptas ut totam culpa dolorem saepe quibusdam nulla cumque veritatis distinctio nemo repudiandae odit.', 14, NULL, 'Et minima pariatur sint omnis qui in.', NULL),
(973, NULL, 'L'' Véliz de la Sierra_72224.jpg', 'Quia quia repellendus aut similique vitae et dolore voluptas et a eos dolore odio et sit blanditiis quasi aperiam cumque nam et neque voluptates et ad totam.', 14, NULL, 'Vitae accusamus libero porro aliquid ea.', NULL),
(974, NULL, 'Los Pelayo del Bages_20687.jpg', 'Sapiente unde fuga rem porro autem impedit at ut et quis nisi culpa sed est minus hic harum nam voluptate dolores dolores nobis adipisci laboriosam ad ea nesciunt.', 14, NULL, 'Error.', NULL),
(975, NULL, 'El Lugo_12404.jpg', 'Sint neque tempore voluptas consequatur veritatis veniam exercitationem unde quas quo sed quis et aut minima nesciunt amet quod est impedit ut laborum corporis quis recusandae quas harum ut qui sint enim culpa at quibusdam maiores necessitatibus et quam d', 14, NULL, 'Molestiae omnis nostrum amet quos.', NULL),
(976, NULL, 'Parra del Vallès_41253.jpg', 'Est voluptates dolores tempora autem et quis molestias perspiciatis mollitia numquam.', 14, NULL, 'Tempora earum.', NULL),
(977, NULL, 'Altamirano del Pozo_51873.jpg', 'Ad ipsum earum culpa iure autem consequatur et cumque exercitationem numquam autem in non qui asperiores aut non inventore voluptatem debitis atque doloremque id ipsum id dolorum.', 14, NULL, 'Ipsam dolor sint consequuntur repellat cum cupiditate dolor fugiat.', NULL),
(978, NULL, 'O Reyes_00047.jpg', 'Laborum enim accusamus est laboriosam commodi facere omnis architecto sed accusamus qui reiciendis dolores.', 14, NULL, 'Ut et dolor id ut.', NULL),
(979, NULL, 'O Cervantes_38293.jpg', 'Impedit earum a commodi accusamus temporibus rerum tempore tenetur sit omnis ipsum illo delectus officia.', 14, NULL, 'Odio et doloribus eos qui libero aut eum consectetur vel consequuntur voluptatum magni.', NULL),
(980, NULL, 'A Badillo del Penedès_82067.jpg', 'Deserunt rerum nobis qui quo quis modi a officiis accusamus dolorem soluta voluptas inventore et itaque veritatis numquam quia.', 14, NULL, 'Occaecati vel neque.', NULL),
(981, NULL, 'Villa Nazario del Pozo_40190.jpg', 'Esse fuga non rerum nihil officia omnis quam fugit nam quod sit velit sunt doloremque tempora nam sequi vitae sit.', 14, NULL, 'Omnis at repellendus et qui commodi.', NULL),
(982, NULL, 'Los Prado_76555.jpg', 'Ullam ab soluta fugit inventore quos dolor nihil non dolore cum beatae quasi rerum qui aut eos officia reprehenderit et id et esse dolores.', 14, NULL, 'Nihil.', NULL),
(983, NULL, 'Villa Núñez del Bages_59659.jpg', 'Asperiores sequi sapiente occaecati aperiam vel ipsa et debitis aperiam amet ut commodi molestias est ipsum voluptas eum facere nisi dolorem ut sed aut impedit.', 14, NULL, 'Consequatur quibusdam.', NULL),
(984, NULL, 'A Cuenca Medio_24655.jpg', 'Earum aut dolor ex qui quasi qui perspiciatis unde eligendi expedita error ut quis atque rem et ab natus eum amet optio qui.', 15, NULL, 'Ducimus eligendi nostrum natus quis.', NULL),
(985, NULL, 'Mena Baja_40954.jpg', 'Possimus quis numquam assumenda soluta id consequuntur dolor eos voluptatem fugit libero modi soluta officia nesciunt.', 15, NULL, 'Vel aliquam consequatur temporibus aspernatur ut qui.', NULL),
(986, NULL, 'L'' Zaragoza_70062.jpg', 'Explicabo consequatur et quidem sapiente officia aliquam quaerat reprehenderit quasi aspernatur sapiente voluptas in qui earum autem alias a aut eos iusto magni.', 15, NULL, 'Maxime ullam ducimus nemo laudantium non tempore iure sint.', NULL),
(987, NULL, 'Villa Sedillo_84024.jpg', 'Perspiciatis et vitae quia porro qui pariatur mollitia minima maxime odit atque nisi dolore aut est earum quo dolores saepe animi id ea asperiores repellat.', 15, NULL, 'Facere atque facilis quod aut eligendi ratione.', NULL),
(988, NULL, 'Arreola de San Pedro_88153.jpg', 'Quia aliquam cumque tempora animi et in in sed officiis cupiditate nam reiciendis consequatur.', 15, NULL, 'Qui autem nam blanditiis dicta dicta.', NULL),
(989, NULL, 'As Tafoya_21101.jpg', 'Suscipit veritatis expedita deleniti vel et amet vel ratione assumenda perferendis et laboriosam amet harum fuga ducimus officia.', 15, NULL, 'Illum ea maiores eum.', NULL),
(990, NULL, 'Os Vaca del Penedès_80430.jpg', 'Quis ea eum id quo sit sunt dolorum enim et praesentium ut nihil qui nam facere quod et.', 15, NULL, 'Sapiente quo reiciendis soluta officia veritatis odio.', NULL),
(991, NULL, 'Villa Patiño del Pozo_96919.jpg', 'Ratione quia non similique maiores animi at provident quia quo laboriosam illo dolore excepturi beatae quas et harum fuga eveniet numquam nihil tenetur commodi dolorem corrupti nesciunt a voluptatem omnis eaque.', 15, NULL, 'Vel magni consequatur nihil consequuntur.', NULL),
(992, NULL, 'Serra del Bages_33019.jpg', 'Itaque ipsa incidunt accusantium et ex quod beatae est adipisci quaerat cum et omnis labore voluptatem veritatis at est aspernatur.', 15, NULL, 'Id culpa natus distinctio.', NULL),
(993, NULL, 'L'' Escobar_71273.jpg', 'Porro nam est non aspernatur aut voluptatem dolores eaque rerum voluptas accusantium molestias deleniti asperiores omnis ab voluptatem deserunt necessitatibus suscipit tempore et voluptas neque et illo exercitationem provident sunt vel consequatur et enim', 15, NULL, 'Molestiae eligendi incidunt quia est.', NULL),
(994, NULL, 'Los Peláez del Barco_19597.jpg', 'Tempore sunt molestias vel sed ratione harum dolor beatae aliquid inventore numquam illum et laudantium vel reprehenderit ad et saepe repudiandae nam est molestiae quia eligendi error ad velit officia omnis odio provident modi enim quae in.', 15, NULL, 'Quaerat esse ullam blanditiis ea fuga non quidem voluptatem aut.', NULL),
(995, NULL, 'O Cedillo Baja_18242.jpg', 'Dolores mollitia error rem qui quas incidunt culpa facilis.', 15, NULL, 'Veritatis provident vel vel veritatis minima et repellat praesentium.', NULL),
(996, NULL, 'Valverde de las Torres_73396.jpg', 'Modi ad eos aspernatur ipsa fugiat reiciendis harum harum iusto aut blanditiis iusto quam velit officiis tenetur ipsa nisi natus eaque nisi commodi modi iure sunt impedit ea dolorem vel voluptas tempore.', 15, NULL, 'Accusamus qui quia.', NULL),
(997, NULL, 'Os Munguía Baja_14942.jpg', 'Fuga id est fuga ipsam animi placeat quisquam et nulla.', 15, NULL, 'Vel suscipit eum quod quia hic quos.', NULL),
(998, NULL, 'Villa Castillo de las Torres_13891.jpg', 'Consequuntur molestiae laudantium iure ipsa maiores consequatur accusantium est molestiae beatae ut perferendis atque.', 15, NULL, 'Repellat nihil et.', NULL),
(999, NULL, 'Collazo de las Torres_43131.jpg', 'Nihil enim aut repellendus repellat cum architecto incidunt architecto voluptatibus velit assumenda maiores fugit autem omnis repellat autem accusamus tempora optio sapiente ab autem repudiandae quisquam ea est corporis ea tenetur temporibus voluptatibus ', 15, NULL, 'Autem ut nisi ipsa.', NULL),
(1000, NULL, 'El Prieto de Lemos_18857.jpg', 'Eveniet sit dolorum earum culpa a ipsa facere est et assumenda architecto aut repudiandae.', 15, NULL, 'Et nobis.', NULL),
(1001, NULL, 'Madera del Mirador_60186.jpg', 'Veniam cupiditate pariatur ipsum ut assumenda repellat dolore aut id ex mollitia nihil nisi voluptatum minima aliquid facilis dolores quae numquam enim nulla.', 15, NULL, 'Amet non cumque nisi.', NULL),
(1002, NULL, 'La Calvillo_77991.jpg', 'Deserunt delectus voluptate magni et omnis sit eligendi sit voluptatum exercitationem nostrum quisquam ducimus ipsum unde omnis debitis perferendis ipsum aliquam eveniet in ut et voluptas.', 15, NULL, 'Eos qui ut laudantium cupiditate libero.', NULL),
(1003, NULL, 'El Solorzano_56447.jpg', 'Nemo et nostrum et quia sed quo.', 15, NULL, 'Officiis quia ipsam.', NULL),
(1004, NULL, 'Los Avilés_13668.jpg', 'Illum expedita sunt enim voluptate tempora temporibus quod vel illum quidem deleniti distinctio sit.', 15, NULL, 'Enim ratione aliquam est tempora est accusamus repellendus.', NULL),
(1005, NULL, 'L'' Colón_55463.jpg', 'Dolorem perferendis necessitatibus aut architecto eos recusandae est deserunt quo autem incidunt aut nemo sed illum amet blanditiis dicta pariatur earum voluptas est numquam enim atque nam nihil quia nobis mollitia et accusamus omnis minima minus.', 15, NULL, 'Aliquid distinctio blanditiis qui accusamus ut porro nisi voluptatem.', NULL),
(1006, NULL, 'El Méndez_23889.jpg', 'Distinctio ipsum voluptas quidem est omnis voluptas et maxime ex ipsum fuga occaecati et totam cumque.', 15, NULL, 'Quis ut fugiat ducimus non facere et voluptas.', NULL),
(1007, NULL, 'La Mascareñas_37223.jpg', 'Occaecati soluta facere rerum reiciendis similique perspiciatis et cumque commodi.', 15, NULL, 'Ut soluta recusandae quam ut neque.', NULL),
(1008, NULL, 'As Ureña del Penedès_09137.jpg', 'Quibusdam aut modi laudantium quia aliquid et quis voluptatum quia voluptates iusto nihil est modi repellendus debitis reprehenderit molestiae dolor temporibus voluptate consectetur iure ab nobis asperiores quis voluptatem nobis.', 15, NULL, 'Omnis nobis ut eos minus animi est.', NULL),
(1009, NULL, 'La Esparza de Ulla_71010.jpg', 'Commodi temporibus fugiat modi cupiditate quo qui eveniet labore libero odit sunt aperiam optio magni numquam praesentium totam ullam et hic iusto et sit sequi nisi tempore accusantium autem necessitatibus eligendi voluptas id quisquam voluptate.', 15, NULL, 'Iure magnam tenetur hic reprehenderit similique.', NULL),
(1010, NULL, 'Vanegas de las Torres_47337.jpg', 'Et voluptatem aut iusto quasi sint libero aut eos cum incidunt labore omnis.', 15, NULL, 'Illo culpa.', NULL),
(1011, NULL, 'El Castaño_95335.jpg', 'Enim impedit dolores ut incidunt et facere ad mollitia reprehenderit iusto.', 15, NULL, 'Occaecati facilis nisi blanditiis exercitationem nihil.', NULL),
(1012, NULL, 'L'' Perea de la Sierra_61911.jpg', 'Maxime eos sint cumque ea voluptate quasi expedita molestiae aut omnis fugiat sit tempora at totam.', 15, NULL, 'Sunt consequatur voluptatem harum sed fugiat et.', NULL),
(1013, NULL, 'Gallegos del Mirador_04949.jpg', 'Quibusdam nobis nihil facilis illum perspiciatis soluta quaerat voluptatem qui officia laboriosam quasi porro quod.', 15, NULL, 'Modi vel.', NULL),
(1014, NULL, 'O Juárez_78254.jpg', 'Dolor ut doloribus non quos nisi officia qui voluptates cupiditate ut beatae nostrum ipsum molestiae et distinctio dicta ex rem placeat delectus officiis molestias quibusdam necessitatibus sed in.', 15, NULL, 'Tempore quo voluptatem.', NULL),
(1015, NULL, 'Ruíz del Mirador_98182.jpg', 'Molestiae ea vitae eius laborum aspernatur eum exercitationem quae ad earum quas sed occaecati vitae alias ut velit vel asperiores culpa aliquid cupiditate nam illo qui temporibus pariatur.', 15, NULL, 'Consequatur magnam.', NULL),
(1016, NULL, 'Os Luque de Arriba_91999.jpg', 'Aliquid officia ad adipisci laudantium nihil impedit autem dolorum aperiam dolor id dolore culpa quibusdam mollitia commodi rerum qui iure velit molestiae possimus.', 15, NULL, 'Laborum aperiam quo.', NULL),
(1017, NULL, 'A Torres_25614.jpg', 'Neque ex esse non distinctio numquam et minima perspiciatis sunt sit perferendis sit necessitatibus nemo ratione non.', 15, NULL, 'Nesciunt ullam eveniet eligendi vitae ex.', NULL),
(1018, NULL, 'Cardona del Mirador_29306.jpg', 'Omnis necessitatibus sed assumenda modi accusantium pariatur dicta rerum est velit eaque.', 15, NULL, 'Quia voluptatem minima exercitationem molestiae excepturi ad.', NULL),
(1019, NULL, 'Os Gallegos de Ulla_54874.jpg', 'Laudantium nobis commodi quo dignissimos in atque libero similique voluptas.', 16, NULL, 'Nam atque qui quo qui cum laudantium harum quae nihil.', NULL),
(1020, NULL, 'Las Plaza del Mirador_46929.jpg', 'Velit provident fugiat beatae est quo enim molestiae.', 16, NULL, 'Pariatur vel et quae.', NULL),
(1021, NULL, 'San Barrientos_14466.jpg', 'Fugiat hic et culpa nihil reiciendis accusamus molestiae nobis vitae pariatur et et nobis iure veritatis facilis aliquid non voluptates expedita aut non sed tenetur enim totam fuga est qui alias rem unde.', 16, NULL, 'Minus soluta.', NULL),
(1022, NULL, 'Os Pascual_76758.jpg', 'Et eius et non voluptatem autem non illo sit velit recusandae nisi omnis fugiat reprehenderit.', 16, NULL, 'Reprehenderit dolor deleniti velit provident.', NULL),
(1023, NULL, 'Os Canales_12397.jpg', 'Et voluptatibus a numquam aperiam quae animi dolores cum esse reprehenderit rerum velit praesentium.', 16, NULL, 'Est reprehenderit.', NULL),
(1024, NULL, 'Os Urrutia_60526.jpg', 'Numquam ex tenetur repellat officiis repudiandae quaerat laborum tempore provident est ea ea.', 16, NULL, 'Maxime repudiandae iste.', NULL),
(1025, NULL, 'Enríquez del Pozo_25241.jpg', 'Cum qui fuga voluptatem rem doloremque ad rem dolor aliquid.', 16, NULL, 'Sit ea quo ratione cumque cum.', NULL),
(1026, NULL, 'Las Saldivar del Barco_72778.jpg', 'Qui et perspiciatis rerum fugit vel sequi molestias error aut.', 16, NULL, 'Reprehenderit modi.', NULL),
(1027, NULL, 'Maestas de la Sierra_26117.jpg', 'Repellat est perspiciatis optio debitis ut incidunt ducimus id pariatur dolor ipsa vel sint qui soluta et quod repudiandae vel ex.', 16, NULL, 'Tenetur quia velit aut earum qui illo et vitae.', NULL),
(1028, NULL, 'Prado del Penedès_88671.jpg', 'Et beatae non natus praesentium culpa natus voluptate eos esse.', 16, NULL, 'Dolorem a sit enim fugit.', NULL),
(1029, NULL, 'Os Esquibel del Bages_91724.jpg', 'Nam dolor rerum et laborum debitis maxime non quis ut ipsum omnis beatae.', 16, NULL, 'Omnis est dolorem.', NULL),
(1030, NULL, 'O Grijalva_04837.jpg', 'Non fugiat nisi omnis atque sunt eaque et officiis et eos aut labore aspernatur qui voluptate ex nesciunt debitis ex illum commodi esse tenetur.', 16, NULL, 'Laudantium adipisci minus autem ducimus iure omnis molestiae.', NULL),
(1031, NULL, 'Vall Garza_10488.jpg', 'Impedit velit quae iusto a placeat sit magni ut cum fugit perferendis eligendi cupiditate tempore.', 16, NULL, 'Reiciendis placeat rerum qui vel aperiam.', NULL),
(1032, NULL, 'Villa Montalvo_67423.jpg', 'Vel aspernatur hic nostrum dolor similique voluptatibus nihil deserunt neque dolor laboriosam ratione aliquam consequatur tempora ut eum dolorem consectetur eveniet minima odit a.', 16, NULL, 'Esse inventore sint explicabo.', NULL),
(1033, NULL, 'As Medina_13033.jpg', 'Qui et sunt voluptatem minus ut commodi temporibus illum quod culpa hic alias provident facere.', 16, NULL, 'Et consequuntur minus nihil tempora ab sunt ad deleniti itaque iste non.', NULL),
(1034, NULL, 'O Morales Medio_34188.jpg', 'Consequuntur nam est pariatur beatae placeat rerum laborum nulla sit cupiditate quia aut eum repellat voluptatem veniam quae vero corporis vel quisquam quo rem exercitationem est quasi sed sint cumque est vel quos vel et ut aut quisquam autem.', 16, NULL, 'Occaecati neque itaque fugit debitis.', NULL),
(1035, NULL, 'Vall Sevilla de San Pedro_78072.jpg', 'Id molestiae explicabo aspernatur ut sit dolor totam molestias labore autem maxime velit saepe ut aut blanditiis dolor est eum hic quaerat dolorem consectetur ipsum earum quo sit earum qui pariatur nihil iusto ut minus veritatis facere vel debitis similiq', 16, NULL, 'Veniam commodi aperiam.', NULL),
(1036, NULL, 'Piña del Pozo_34429.jpg', 'In est repellendus eos nisi quia quia incidunt id error iste optio aut consequuntur enim ut.', 16, NULL, 'Aut recusandae qui ducimus veniam.', NULL),
(1037, NULL, 'Las Lemus del Barco_36279.jpg', 'Eaque assumenda qui autem autem dicta maxime autem nihil est et autem reiciendis quam ipsum est et explicabo.', 16, NULL, 'Suscipit dolores asperiores et.', NULL),
(1038, NULL, 'La Urbina_12439.jpg', 'Sunt voluptatibus voluptas laudantium et dolorem voluptas fugit dignissimos et mollitia odit vitae non consequuntur rem veniam modi recusandae explicabo.', 16, NULL, 'Sunt consectetur.', NULL),
(1039, NULL, 'A Juárez_25572.jpg', 'In et est voluptate autem sunt consequatur quisquam laboriosam sit dolor dicta quis.', 16, NULL, 'Maxime sapiente dolores voluptas sint consectetur recusandae commodi reprehenderit distinctio repellat voluptatem distinctio.', NULL),
(1040, NULL, 'Vall Oliva de Ulla_77317.jpg', 'Architecto est expedita maxime aspernatur non quia ea placeat ex occaecati magni fugit.', 16, NULL, 'Sint magni voluptas atque.', NULL),
(1041, NULL, 'El Osorio_60644.jpg', 'Incidunt unde alias et molestiae repudiandae aut assumenda aperiam voluptatum saepe ratione voluptate culpa voluptates atque sit quia debitis laboriosam.', 16, NULL, 'Architecto natus distinctio.', NULL),
(1042, NULL, 'Villa Espinosa_38501.jpg', 'Nostrum ut eum animi et nihil facilis et non quia eligendi dolorem vel laudantium et architecto ea.', 16, NULL, 'Fuga.', NULL),
(1043, NULL, 'Soliz de Lemos_07582.jpg', 'Omnis eaque provident qui dicta iure alias maxime et quisquam.', 16, NULL, 'Excepturi autem exercitationem voluptatum quasi quisquam suscipit neque et aliquam.', NULL),
(1044, NULL, 'Os Cardona de las Torres_52685.jpg', 'Reprehenderit accusantium quibusdam impedit facilis expedita vel harum rem eius corrupti.', 16, NULL, 'Est.', NULL),
(1045, NULL, 'Rosado del Barco_19407.jpg', 'Assumenda excepturi qui at qui possimus recusandae totam reprehenderit consequuntur non dolorem voluptatem rem.', 16, NULL, 'Vel qui molestias dignissimos.', NULL),
(1046, NULL, 'Vall Calderón del Mirador_57913.jpg', 'Voluptas excepturi ut recusandae ea exercitationem sequi quas est sunt laborum ut laudantium autem sequi rerum enim illo quasi dolorem accusantium molestiae non commodi et saepe perferendis in facilis nobis ut debitis.', 16, NULL, 'Minima aliquid.', NULL),
(1047, NULL, 'Villa Espinoza_12825.jpg', 'Dicta et quis et molestiae delectus qui et.', 16, NULL, 'Incidunt accusantium sed.', NULL),
(1048, NULL, 'A Rojo_47095.jpg', 'Occaecati sunt accusantium ipsum nihil voluptatibus vero corrupti nihil ipsa explicabo at voluptatem consequatur impedit sed a autem et eos tempora.', 16, NULL, 'Consequatur aut atque eum incidunt rerum corrupti quis.', NULL),
(1049, NULL, 'Acosta Baja_12642.jpg', 'Sunt natus delectus aut explicabo sed dolor dicta doloribus animi reprehenderit voluptas ea aut enim qui corrupti et et quia tenetur voluptatibus voluptatum error architecto exercitationem sit earum vel aut architecto.', 16, NULL, 'Rerum officiis.', NULL),
(1050, NULL, 'Esquibel Baja_02303.jpg', 'Et ea hic aut ad tenetur est quo nam omnis consequatur quod.', 16, NULL, 'Rem at aut et eveniet voluptatem quo.', NULL),
(1051, NULL, 'Os Coronado_06067.jpg', 'Sed sapiente quibusdam et et voluptatem ducimus ipsam excepturi quisquam aut dolor provident fuga est maiores explicabo hic eos ipsum maxime qui dicta quis praesentium et nihil dolorem omnis doloremque ullam.', 16, NULL, 'Minima et eum illo quia repudiandae omnis possimus quos ipsa.', NULL),
(1052, NULL, 'Matías de la Sierra_58250.jpg', 'Similique esse et debitis quo esse voluptatem et voluptatum saepe incidunt vero sunt eveniet enim quo dolorem nostrum rerum laudantium vel omnis vel id quaerat accusantium est officia.', 16, NULL, 'In est aspernatur eum est perferendis odit.', NULL),
(1053, NULL, 'Os Longoria_95995.jpg', 'Earum quisquam sed vel ratione laboriosam sapiente magnam qui culpa est consequatur consequuntur sunt delectus debitis odit accusamus ab ut et culpa magnam magnam numquam.', 16, NULL, 'Eum consequuntur.', NULL);

--
-- Truncar tablas antes de insertar `profesor`
--

TRUNCATE TABLE `profesor`;
--
-- Volcado de datos para la tabla `profesor`
--

INSERT INTO `profesor` (`id`, `nombre`, `apellidos`, `mail`, `user`, `pass`, `avatar`, `nacimiento`, `centro_id`, `enlace_avatar`) VALUES
(2, 'Gael', 'Trejo Flórez', 'Diego60@example.com', 'vAlarcon', '$2y$10$c7pv', NULL, '1973-10-07 02:22:49', 28, 'DEek6Eq_vAlarcon.jpg'),
(3, 'Iria', 'Perales Reina', 'eOlivera@example.com', 'zElizondo', '$2y$10$mw5S', NULL, '1982-09-29 09:50:58', 25, '82rkN2o_zElizondo.jpg'),
(4, 'Pau', 'Cavazos Velázquez', 'Tejada.Aina@example.org', 'cLara', '$2y$10$/Jlt', NULL, '1962-10-01 16:30:46', 28, 'Od7aaYD_cLara.jpg'),
(5, 'Teresa', 'Cervantes Miguel', 'gDuran@example.net', 'hVerdugo', '$2y$10$TX/w', NULL, '1959-04-24 21:30:02', 30, 'bet8CqR_hVerdugo.jpg'),
(6, 'Gabriel', 'Peralta Barrios', 'hViera@example.net', 'kAguilar', '$2y$10$rd28', NULL, '1973-05-02 07:23:22', 27, 'AFieWPC_kAguilar.jpg'),
(7, 'Victor', 'Marcos Báez', 'Adria08@example.org', 'cPadron', '$2y$10$CrDE', NULL, '1985-09-27 08:57:21', 27, 'WQzxnyr_cPadron.jpg'),
(8, 'Francisco', 'Montoya Sevilla', 'Natalia31@example.net', 'Gonzalo.Guzman', '$2y$10$tyEK', NULL, '1985-03-18 08:15:58', 29, '14tYtBi_Gonzalo.Guzman.jpg'),
(9, 'Roberto', 'Campos Zaragoza', 'Velazquez.Izan@example.org', 'Hugo21', '$2y$10$4L03', NULL, '1988-04-18 19:12:08', 25, 'j29p93Q_Hugo21.jpg'),
(10, 'Jon', 'Muro Hernádez', 'hEspino@example.net', 'Sarabia.Nuria', '$2y$10$pSKs', NULL, '1975-05-25 12:41:39', 28, 'BAglfIg_Sarabia.Nuria.jpg'),
(11, 'Joel', 'Jaimes Manzanares', 'pCorral@example.org', 'Vega.Mateo', '$2y$10$ZU4m', NULL, '1966-06-20 14:56:41', 28, 'zoTEORW_Vega.Mateo.jpg'),
(12, 'Nahia', 'Duran Luevano', 'Ivan11@example.net', 'Paula14', '$2y$10$03q2', NULL, '1976-09-15 06:39:42', 28, '4lVVbQ8_Paula14.jpg'),
(13, 'Diego', 'Carranza Gurule', 'Sierra.Sandra@example.org', 'Ortega.Marcos', '$2y$10$k6z/', NULL, '1962-08-03 00:16:22', 25, 'H3nC6SH_Ortega.Marcos.jpg'),
(14, 'Martin', 'Carrasco Bustos', 'Ian48@example.com', 'Natalia85', '$2y$10$0eu8', NULL, '1982-05-11 14:21:36', 27, 'mpjRTeE_Natalia85.jpg'),
(15, 'Naiara', 'Padilla Mascareñas', 'vChavez@example.com', 'Eduardo98', '$2y$10$..Bx', NULL, '1972-05-24 10:33:41', 29, 'X4TbYO6_Eduardo98.jpg'),
(16, 'Marco', 'Córdoba Del río', 'Dario03@example.com', 'sCarballo', '$2y$10$GmDE', NULL, '1969-05-23 00:38:54', 29, 'ip5RO5C_sCarballo.jpg'),
(17, 'Beatriz', 'Delgadillo Rodarte', 'yLaureano@example.com', 'mPerea', '$2y$10$ktEY', NULL, '1968-06-17 02:03:04', 30, 'ebnH5Sf_mPerea.jpg');

--
-- Truncar tablas antes de insertar `resultado_tarea`
--

TRUNCATE TABLE `resultado_tarea`;
--
-- Truncar tablas antes de insertar `tarea`
--

TRUNCATE TABLE `tarea`;COMMIT;

/*!40101 SET CHARACTER_SET_CLIENT=@OLD_CHARACTER_SET_CLIENT */;
/*!40101 SET CHARACTER_SET_RESULTS=@OLD_CHARACTER_SET_RESULTS */;
/*!40101 SET COLLATION_CONNECTION=@OLD_COLLATION_CONNECTION */;
